assay,kept,excl_center_not_U,excl_wrong_length,excl_window_oob,logo_png,prob_csv
hek_qb,104,0,0,0,pus7_outputs_pos_only2/hek_qb/hek_qb_pos_only_logo.png,pus7_outputs_pos_only2/hek_qb/hek_qb_pos_prob.csv
hek_trub1_csv,206,0,0,0,pus7_outputs_pos_only2/hek_trub1_csv/hek_trub1_csv_pos_only_logo.png,pus7_outputs_pos_only2/hek_trub1_csv/hek_trub1_csv_pos_prob.csv
hela_bidseq,14,0,0,0,pus7_outputs_pos_only2/hela_bidseq/hela_bidseq_pos_only_logo.png,pus7_outputs_pos_only2/hela_bidseq/hela_bidseq_pos_prob.csv
hela_pseudoseq,5,0,0,0,pus7_outputs_pos_only2/hela_pseudoseq/hela_pseudoseq_pos_only_logo.png,pus7_outputs_pos_only2/hela_pseudoseq/hela_pseudoseq_pos_prob.csv
