sample_id,assay,pus7,site_shape,site_shape_majority
ENST00000420826:73178913-73179033(-)_zeroshot_prediction,hek_csv,neg,M,M
ENST00000373232:71993091-71993211(-)_zeroshot_prediction,hek_csv,neg,E,E
ENST00000534695:43343554-43343674(+)_zeroshot_prediction,hek_csv,neg,E,E
ENST00000286713:124102758-124102878(-)_zeroshot_prediction,hek_csv,neg,I,I
ENST00000367837:135286137-135286257(-)_zeroshot_prediction,hek_csv,neg,H,H
ENST00000619304:37570561-37570681(+)_zeroshot_prediction,hek_csv,neg,I,I
ENST00000409472:1924266-1924386(+)_zeroshot_prediction,hek_csv,neg,E,E
ENST00000551598:49961840-49961960(-)_zeroshot_prediction,hek_csv,neg,H,H
ENST00000715263:126862253-126862373(+)_zeroshot_prediction,hek_csv,neg,I,I
ENST00000588757:40714930-40715050(+)_zeroshot_prediction,hek_csv,neg,E,E
ENST00000407426:29169723-29169843(+)_zeroshot_prediction,hek_csv,neg,S,S
ENST00000263212:22275351-22275471(-)_zeroshot_prediction,hek_csv,neg,S,S
ENST00000541043:32450001-32450121(+)_zeroshot_prediction,hek_csv,neg,H,H
ENST00000503791:28867803-28867923(+)_zeroshot_prediction,hek_csv,neg,H,H
ENST00000367455:192998253-192998373(-)_zeroshot_prediction,hek_csv,neg,H,H
ENST00000480470:91483624-91483744(+)_zeroshot_prediction,hek_csv,neg,E,E
ENST00000563672:66647145-66647265(+)_zeroshot_prediction,hek_csv,neg,I,I
ENST00000262942:98923473-98923593(+)_zeroshot_prediction,hek_csv,neg,E,E
ENST00000614294:35870757-35870877(+)_zeroshot_prediction,hek_csv,neg,E,E
ENST00000576586:2588457-2588577(+)_zeroshot_prediction,hek_csv,neg,I,I
ENST00000273047:20026567-20026687(+)_zeroshot_prediction,hek_csv,neg,I,I
ENST00000376083:88233978-88234098(-)_zeroshot_prediction,hek_csv,neg,H,H
ENST00000243501:110651068-110651188(-)_zeroshot_prediction,hek_csv,neg,H,H
ENST00000528443:179853791-179853911(+)_zeroshot_prediction,hek_csv,neg,H,H
ENST00000553891:73464523-73464643(-)_zeroshot_prediction,hek_csv,neg,H,H
ENST00000394309:97484631-97484751(-)_zeroshot_prediction,hek_csv,neg,S,S
ENST00000582970:78368385-78368505(+)_zeroshot_prediction,hek_csv,neg,H,H
ENST00000320963:77224053-77224173(+)_zeroshot_prediction,hek_csv,neg,E,E
ENST00000646673:35540870-35540990(-)_zeroshot_prediction,hek_csv,neg,M,M
ENST00000602720:74039973-74040093(-)_zeroshot_prediction,hek_csv,neg,H,H
ENST00000035307:150931251-150931371(+)_zeroshot_prediction,hek_csv,neg,I,I
ENST00000256366:70838787-70838907(-)_zeroshot_prediction,hek_csv,neg,H,H
ENST00000259154:215752285-215752405(+)_zeroshot_prediction,hek_csv,neg,H,H
ENST00000441007:186506560-186506680(+)_zeroshot_prediction,hek_csv,neg,I,I
ENST00000707787:78120832-78120952(-)_zeroshot_prediction,hek_csv,neg,I,I
ENST00000473743:99812448-99812568(+)_zeroshot_prediction,hek_csv,neg,E,E
ENST00000455432:122516281-122516401(+)_zeroshot_prediction,hek_csv,neg,H,H
ENST00000448372:48437570-48437690(-)_zeroshot_prediction,hek_csv,neg,H,H
ENST00000376861:29692787-29692907(+)_zeroshot_prediction,hek_csv,neg,H,H
ENST00000252674:6211600-6211720(-)_zeroshot_prediction,hek_csv,neg,H,H
ENST00000686840:131451504-131451624(+)_zeroshot_prediction,hek_csv,neg,I,I
ENST00000588030:1269285-1269405(+)_zeroshot_prediction,hek_csv,neg,E,E
ENST00000392595:134123118-134123238(-)_zeroshot_prediction,hek_csv,neg,M,M
ENST00000528396:64977750-64977870(+)_zeroshot_prediction,hek_csv,neg,H,H
ENST00000450169:32526739-32526859(-)_zeroshot_prediction,hek_csv,neg,H,H
ENST00000282276:198571763-198571883(+)_zeroshot_prediction,hek_csv,neg,E,E
ENST00000458578:21977033-21977153(+)_zeroshot_prediction,hek_csv,neg,I,I
ENST00000560498:77771500-77771620(+)_zeroshot_prediction,hek_csv,neg,H,H
ENST00000393167:114400005-114400125(+)_zeroshot_prediction,hek_csv,neg,S,S
ENST00000263657:68400445-68400565(+)_zeroshot_prediction,hek_csv,neg,H,H
ENST00000708922:53689364-53689484(+)_zeroshot_prediction,hek_csv,neg,H,H
ENST00000401510:10194260-10194380(+)_zeroshot_prediction,hek_csv,neg,H,H
ENST00000366835:226041388-226041508(-)_zeroshot_prediction,hek_csv,neg,S,S
ENST00000300057:90293875-90293995(-)_zeroshot_prediction,hek_csv,neg,H,H
ENST00000457767:40796711-40796831(+)_zeroshot_prediction,hek_csv,neg,H,H
ENST00000478899:156708449-156708569(-)_zeroshot_prediction,hek_csv,neg,E,E
ENST00000258662:48620633-48620753(+)_zeroshot_prediction,hek_csv,neg,H,H
ENST00000279230:64025989-64026109(+)_zeroshot_prediction,hek_csv,neg,H,H
ENST00000377452:18743950-18744070(+)_zeroshot_prediction,hek_csv,neg,I,I
ENST00000682725:103876188-103876308(-)_zeroshot_prediction,hek_csv,neg,H,H
ENST00000316059:58387215-58387335(+)_zeroshot_prediction,hek_csv,neg,I,I
ENST00000225777:76167791-76167911(+)_zeroshot_prediction,hek_csv,neg,H,H
ENST00000380071:34399890-34400010(+)_zeroshot_prediction,hek_csv,neg,H,H
ENST00000483857:127399572-127399692(+)_zeroshot_prediction,hek_csv,neg,H,H
ENST00000275300:160872573-160872693(+)_zeroshot_prediction,hek_csv,neg,E,E
ENST00000393249:76796447-76796567(-)_zeroshot_prediction,hek_csv,neg,E,E
ENST00000277865:88854246-88854366(-)_zeroshot_prediction,hek_csv,neg,M,M
ENST00000674229:54581021-54581141(+)_zeroshot_prediction,hek_csv,neg,H,H
ENST00000303436:57582991-57583111(-)_zeroshot_prediction,hek_csv,neg,H,H
ENST00000497755:25071961-25072081(+)_zeroshot_prediction,hek_csv,neg,H,H
ENST00000465804:149237649-149237769(-)_zeroshot_prediction,hek_csv,neg,I,I
ENST00000590706:36245309-36245429(+)_zeroshot_prediction,hek_csv,neg,S,S
ENST00000610884:15460076-15460196(+)_zeroshot_prediction,hek_csv,neg,H,H
ENST00000647887:24289244-24289364(+)_zeroshot_prediction,hek_csv,neg,H,H
ENST00000388712:88642319-88642439(-)_zeroshot_prediction,hek_csv,neg,H,H
ENST00000554913:104163990-104164110(-)_zeroshot_prediction,hek_csv,neg,H,H
ENST00000258341:183090986-183091106(+)_zeroshot_prediction,hek_csv,neg,S,S
ENST00000577958:16284376-16284496(+)_zeroshot_prediction,hek_csv,neg,H,H
ENST00000424732:21076277-21076397(-)_zeroshot_prediction,hek_csv,neg,E,E
ENST00000418664:7585528-7585648(+)_zeroshot_prediction,hek_csv,neg,M,M
ENST00000377604:47034373-47034493(+)_zeroshot_prediction,hek_csv,neg,I,I
ENST00000522695:74585345-74585465(-)_zeroshot_prediction,hek_csv,neg,S,S
ENST00000203166:36110925-36111045(+)_zeroshot_prediction,hek_csv,neg,H,H
ENST00000447555:151220387-151220507(+)_zeroshot_prediction,hek_csv,neg,S,S
ENST00000496811:154032956-154033076(-)_zeroshot_prediction,hek_csv,neg,I,I
ENST00000589146:36633159-36633279(+)_zeroshot_prediction,hek_csv,neg,H,H
ENST00000422514:27047679-27047799(+)_zeroshot_prediction,hek_csv,neg,E,E
ENST00000463352:239342254-239342374(+)_zeroshot_prediction,hek_csv,neg,E,E
ENST00000621211:504889-505009(-)_zeroshot_prediction,hek_csv,neg,H,H
ENST00000697675:56780554-56780674(+)_zeroshot_prediction,hek_csv,neg,H,H
ENST00000253329:149867106-149867226(-)_zeroshot_prediction,hek_csv,neg,H,H
ENST00000223129:7679995-7680115(-)_zeroshot_prediction,hek_csv,neg,S,S
ENST00000367506:185108481-185108601(-)_zeroshot_prediction,hek_csv,neg,H,H
ENST00000564978:28975425-28975545(+)_zeroshot_prediction,hek_csv,neg,H,H
ENST00000381989:25009520-25009640(-)_zeroshot_prediction,hek_csv,neg,H,H
ENST00000249373:128853190-128853310(+)_zeroshot_prediction,hek_csv,neg,H,H
ENST00000715689:38029039-38029159(+)_zeroshot_prediction,hek_csv,neg,E,E
ENST00000375147:100433643-100433763(+)_zeroshot_prediction,hek_csv,neg,H,H
ENST00000361475:36758002-36758122(-)_zeroshot_prediction,hek_csv,neg,H,H
ENST00000527606:125489853-125489973(+)_zeroshot_prediction,hek_csv,neg,S,S
ENST00000699226:26848068-26848188(-)_zeroshot_prediction,hek_csv,neg,H,H
ENST00000345317:26707961-26708081(-)_zeroshot_prediction,hek_csv,neg,E,E
ENST00000299413:35830217-35830337(+)_zeroshot_prediction,hek_csv,neg,E,E
ENST00000321331:42826742-42826862(-)_zeroshot_prediction,hek_csv,neg,H,H
ENST00000247161:47494944-47495064(-)_zeroshot_prediction,hek_csv,neg,I,I
ENST00000477657:104113207-104113327(+)_zeroshot_prediction,hek_csv,neg,S,S
ENST00000372228:134399093-134399213(+)_zeroshot_prediction,hek_csv,neg,H,H
ENST00000261708:30211416-30211536(-)_zeroshot_prediction,hek_csv,neg,M,M
ENST00000281589:25671651-25671771(+)_zeroshot_prediction,hek_csv,neg,H,H
ENST00000619735:26888235-26888355(-)_zeroshot_prediction,hek_csv,neg,H,H
ENST00000433686:58598686-58598806(-)_zeroshot_prediction,hek_csv,neg,H,H
ENST00000579232:226809-226929(-)_zeroshot_prediction,hek_csv,neg,H,H
ENST00000372406:132838639-132838759(+)_zeroshot_prediction,hek_csv,neg,I,I
ENST00000469458:52486464-52486584(-)_zeroshot_prediction,hek_csv,neg,H,H
ENST00000640069:136596934-136597054(-)_zeroshot_prediction,hek_csv,neg,H,H
ENST00000492572:153626586-153626706(+)_zeroshot_prediction,hek_csv,neg,H,H
ENST00000260327:44816275-44816395(+)_zeroshot_prediction,hek_csv,neg,I,I
ENST00000576143:3074058-3074178(+)_zeroshot_prediction,hek_csv,neg,E,E
ENST00000261716:27873443-27873563(+)_zeroshot_prediction,hek_csv,neg,H,H
ENST00000337221:27516943-27517063(+)_zeroshot_prediction,hek_csv,neg,H,H
ENST00000669691:132669772-132669892(-)_zeroshot_prediction,hek_csv,neg,H,H
ENST00000260600:25046106-25046226(-)_zeroshot_prediction,hek_csv,neg,H,H
ENST00000342607:122212511-122212631(+)_zeroshot_prediction,hek_csv,neg,H,H
ENST00000489283:114795455-114795575(+)_zeroshot_prediction,hek_csv,neg,I,I
ENST00000428358:10218186-10218306(+)_zeroshot_prediction,hek_csv,neg,I,I
ENST00000477571:140035052-140035172(-)_zeroshot_prediction,hek_csv,neg,I,I
ENST00000710606:72426104-72426224(-)_zeroshot_prediction,hek_csv,neg,M,M
ENST00000698832:144816485-144816605(+)_zeroshot_prediction,hek_csv,neg,H,H
ENST00000431926:61670910-61671030(+)_zeroshot_prediction,hek_csv,neg,E,E
ENST00000648328:158589324-158589444(+)_zeroshot_prediction,hek_csv,neg,H,H
ENST00000543953:129480522-129480642(+)_zeroshot_prediction,hek_csv,neg,E,E
ENST00000708737:20794886-20795006(-)_zeroshot_prediction,hek_csv,neg,S,S
ENST00000504309:256663-256783(+)_zeroshot_prediction,hek_csv,neg,I,I
ENST00000397128:40775513-40775633(-)_zeroshot_prediction,hek_csv,neg,M,M
ENST00000475381:172351746-172351866(-)_zeroshot_prediction,hek_csv,neg,H,H
ENST00000635767:17847322-17847442(-)_zeroshot_prediction,hek_csv,neg,H,H
ENST00000486416:113232148-113232268(+)_zeroshot_prediction,hek_csv,neg,M,M
ENST00000381140:28009236-28009356(+)_zeroshot_prediction,hek_csv,neg,I,I
ENST00000503338:133356716-133356836(-)_zeroshot_prediction,hek_csv,neg,S,S
ENST00000598188:17389797-17389917(+)_zeroshot_prediction,hek_csv,neg,H,H
ENST00000398136:102267584-102267704(-)_zeroshot_prediction,hek_csv,neg,H,H
ENST00000563909:30779249-30779369(+)_zeroshot_prediction,hek_csv,neg,H,H
ENST00000254193:101835324-101835444(-)_zeroshot_prediction,hek_csv,neg,H,H
ENST00000462625:31672829-31672949(+)_zeroshot_prediction,hek_csv,neg,E,E
ENST00000431926:61668202-61668322(+)_zeroshot_prediction,hek_csv,neg,H,H
ENST00000290524:151314783-151314903(-)_zeroshot_prediction,hek_csv,neg,H,H
ENST00000532503:34153617-34153737(+)_zeroshot_prediction,hek_csv,neg,H,H
ENST00000334801:118771325-118771445(-)_zeroshot_prediction,hek_csv,neg,I,I
ENST00000503569:6302703-6302823(+)_zeroshot_prediction,hek_csv,neg,H,H
ENST00000703810:79944260-79944380(-)_zeroshot_prediction,hek_csv,neg,H,H
ENST00000399878:25749314-25749434(-)_zeroshot_prediction,hek_csv,neg,H,H
ENST00000435070:69653865-69653985(+)_zeroshot_prediction,hek_csv,neg,M,M
ENST00000356770:52651391-52651511(-)_zeroshot_prediction,hek_csv,neg,E,E
ENST00000426584:102762551-102762671(+)_zeroshot_prediction,hek_csv,neg,H,H
ENST00000533346:3697113-3697233(-)_zeroshot_prediction,hek_csv,neg,H,H
ENST00000715696:10800750-10800870(+)_zeroshot_prediction,hek_csv,neg,S,S
ENST00000305997:9013269-9013389(-)_zeroshot_prediction,hek_csv,neg,B,B
ENST00000394945:136313044-136313164(-)_zeroshot_prediction,hek_csv,neg,H,H
ENST00000614703:158365022-158365142(+)_zeroshot_prediction,hek_csv,neg,B,B
ENST00000455982:123247384-123247504(+)_zeroshot_prediction,hek_csv,neg,H,H
ENST00000251496:17813804-17813924(+)_zeroshot_prediction,hek_csv,neg,H,H
ENST00000430252:116759357-116759477(+)_zeroshot_prediction,hek_csv,neg,E,E
ENST00000302787:1834446-1834566(-)_zeroshot_prediction,hek_csv,neg,I,I
ENST00000585421:76850147-76850267(-)_zeroshot_prediction,hek_csv,neg,E,E
ENST00000262455:102861133-102861253(-)_zeroshot_prediction,hek_csv,neg,M,M
ENST00000361619:17450013-17450133(+)_zeroshot_prediction,hek_csv,neg,H,H
ENST00000696906:187523786-187523906(+)_zeroshot_prediction,hek_csv,neg,E,E
ENST00000320954:33155468-33155588(+)_zeroshot_prediction,hek_csv,neg,H,H
ENST00000510209:99966297-99966417(+)_zeroshot_prediction,hek_csv,neg,H,H
ENST00000375856:110408167-110408287(-)_zeroshot_prediction,hek_csv,neg,S,S
ENST00000482439:72316811-72316931(+)_zeroshot_prediction,hek_csv,neg,I,I
ENST00000339438:115262154-115262274(-)_zeroshot_prediction,hek_csv,neg,H,H
ENST00000492275:38528962-38529082(+)_zeroshot_prediction,hek_csv,neg,E,E
ENST00000382881:20632658-20632778(+)_zeroshot_prediction,hek_csv,neg,I,I
ENST00000226004:41847062-41847182(-)_zeroshot_prediction,hek_csv,neg,M,M
ENST00000491400:35263001-35263121(+)_zeroshot_prediction,hek_csv,neg,I,I
ENST00000688838:133307788-133307908(+)_zeroshot_prediction,hek_csv,neg,H,H
ENST00000357749:85218879-85218999(-)_zeroshot_prediction,hek_csv,neg,I,I
ENST00000342206:69366518-69366638(+)_zeroshot_prediction,hek_csv,neg,H,H
ENST00000326132:31602147-31602267(+)_zeroshot_prediction,hek_csv,neg,H,H
ENST00000361654:122756097-122756217(-)_zeroshot_prediction,hek_csv,neg,M,M
ENST00000283629:33467138-33467258(-)_zeroshot_prediction,hek_csv,neg,H,H
ENST00000640554:111966174-111966294(+)_zeroshot_prediction,hek_csv,neg,H,H
ENST00000392102:219603246-219603366(+)_zeroshot_prediction,hek_csv,neg,H,H
ENST00000548171:120894825-120894945(+)_zeroshot_prediction,hek_csv,neg,I,I
ENST00000401950:30416677-30416797(+)_zeroshot_prediction,hek_csv,neg,H,H
ENST00000513613:122343360-122343480(+)_zeroshot_prediction,hek_csv,neg,H,H
ENST00000479421:43536775-43536895(+)_zeroshot_prediction,hek_csv,neg,I,I
ENST00000600528:19030088-19030208(-)_zeroshot_prediction,hek_csv,neg,S,S
ENST00000380860:68417481-68417601(+)_zeroshot_prediction,hek_csv,neg,H,H
ENST00000557356:73686718-73686838(+)_zeroshot_prediction,hek_csv,neg,H,H
ENST00000689124:117875406-117875526(-)_zeroshot_prediction,hek_csv,neg,H,H
ENST00000618043:68330262-68330382(+)_zeroshot_prediction,hek_csv,neg,S,S
ENST00000450169:32528895-32529015(-)_zeroshot_prediction,hek_csv,neg,H,H
ENST00000277165:96291693-96291813(+)_zeroshot_prediction,hek_csv,neg,H,H
ENST00000616016:879762-879882(+)_zeroshot_prediction,hek_csv,neg,H,H
ENST00000234831:54509131-54509251(-)_zeroshot_prediction,hek_csv,neg,H,H
ENST00000367630:142490629-142490749(+)_zeroshot_prediction,hek_csv,neg,E,E
ENST00000356654:7045396-7045516(+)_zeroshot_prediction,hek_csv,neg,I,I
ENST00000244007:39803111-39803231(+)_zeroshot_prediction,hek_csv,neg,H,H
ENST00000622749:154115976-154116096(+)_zeroshot_prediction,hek_csv,neg,H,H
ENST00000543555:47643432-47643552(+)_zeroshot_prediction,hek_csv,neg,I,I
ENST00000072869:140394606-140394726(+)_zeroshot_prediction,hek_csv,neg,H,H
ENST00000367259:202861164-202861284(-)_zeroshot_prediction,hek_csv,neg,E,E
ENST00000623461:75868686-75868806(+)_zeroshot_prediction,hek_csv,neg,S,S
ENST00000394249:91525094-91525214(-)_zeroshot_prediction,hek_csv,neg,M,M
ENST00000434234:48035151-48035271(-)_zeroshot_prediction,hek_csv,neg,I,I
ENST00000262903:105233076-105233196(-)_zeroshot_prediction,hek_csv,neg,I,I
ENST00000672804:18416073-18416193(+)_zeroshot_prediction,hek_csv,neg,H,H
ENST00000510960:34918480-34918600(+)_zeroshot_prediction,hek_csv,neg,E,E
ENST00000651323:8129899-8130019(-)_zeroshot_prediction,hek_csv,neg,H,H
ENST00000580218:57657010-57657130(+)_zeroshot_prediction,hek_csv,neg,M,M
ENST00000465806:48934947-48935067(-)_zeroshot_prediction,hek_csv,neg,H,H
ENST00000316623:48757977-48758097(-)_zeroshot_prediction,hek_csv,neg,H,H
ENST00000534695:43333524-43333644(+)_zeroshot_prediction,hek_csv,neg,M,M
ENST00000626150:69405668-69405788(-)_zeroshot_prediction,hek_csv,neg,I,I
ENST00000407426:29170101-29170221(+)_zeroshot_prediction,hek_csv,neg,E,E
ENST00000576030:153719415-153719535(+)_zeroshot_prediction,hek_csv,neg,H,H
ENST00000484106:133876845-133876965(-)_zeroshot_prediction,hek_csv,neg,H,H
ENST00000331872:182354619-182354739(-)_zeroshot_prediction,hek_csv,neg,H,H
ENST00000545307:58698861-58698981(+)_zeroshot_prediction,hek_csv,neg,E,E
ENST00000434214:108456886-108457006(+)_zeroshot_prediction,hek_csv,neg,I,I
ENST00000686364:183892610-183892730(+)_zeroshot_prediction,hek_csv,neg,H,H
ENST00000489671:141665506-141665626(-)_zeroshot_prediction,hek_csv,neg,E,E
ENST00000510730:175936789-175936909(+)_zeroshot_prediction,hek_csv,neg,E,E
ENST00000677997:74428547-74428667(+)_zeroshot_prediction,hek_csv,neg,H,H
ENST00000345496:46190271-46190391(-)_zeroshot_prediction,hek_csv,neg,H,H
ENST00000445215:42980707-42980827(-)_zeroshot_prediction,hek_csv,neg,I,I
ENST00000585132:51585216-51585336(+)_zeroshot_prediction,hek_csv,neg,H,H
ENST00000704743:15938123-15938243(-)_zeroshot_prediction,hek_csv,neg,H,H
ENST00000393784:172323967-172324087(+)_zeroshot_prediction,hek_csv,neg,M,M
ENST00000379535:79170514-79170634(+)_zeroshot_prediction,hek_csv,neg,H,H
ENST00000299608:66342322-66342442(-)_zeroshot_prediction,hek_csv,neg,I,I
ENST00000355387:45116380-45116500(+)_zeroshot_prediction,hek_csv,neg,H,H
ENST00000262525:30792537-30792657(-)_zeroshot_prediction,hek_csv,neg,H,H
ENST00000316963:54965246-54965366(-)_zeroshot_prediction,hek_csv,neg,H,H
ENST00000373449:33502385-33502505(-)_zeroshot_prediction,hek_csv,neg,H,H
ENST00000265343:132223155-132223275(-)_zeroshot_prediction,hek_csv,neg,I,I
ENST00000262056:53415551-53415671(+)_zeroshot_prediction,hek_csv,neg,M,M
ENST00000163416:93277856-93277976(+)_zeroshot_prediction,hek_csv,neg,M,M
ENST00000378103:35748376-35748496(-)_zeroshot_prediction,hek_csv,neg,H,H
ENST00000300087:23679959-23680079(+)_zeroshot_prediction,hek_csv,neg,H,H
ENST00000286298:149360520-149360640(+)_zeroshot_prediction,hek_csv,neg,H,H
ENST00000272217:202104250-202104370(-)_zeroshot_prediction,hek_csv,neg,H,H
ENST00000522766:110346555-110346675(+)_zeroshot_prediction,hek_csv,neg,H,H
ENST00000588030:1271927-1272047(+)_zeroshot_prediction,hek_csv,neg,H,H
ENST00000581959:73314578-73314698(-)_zeroshot_prediction,hek_csv,neg,H,H
ENST00000281589:25672049-25672169(+)_zeroshot_prediction,hek_csv,neg,S,S
ENST00000681359:91177057-91177177(+)_zeroshot_prediction,hek_csv,neg,H,H
ENST00000287461:30616227-30616347(-)_zeroshot_prediction,hek_csv,neg,H,H
ENST00000554887:97026947-97027067(+)_zeroshot_prediction,hek_csv,neg,H,H
ENST00000238831:32523266-32523386(+)_zeroshot_prediction,hek_csv,neg,S,S
ENST00000345136:144997299-144997419(-)_zeroshot_prediction,hek_csv,neg,E,E
ENST00000446571:42265253-42265373(+)_zeroshot_prediction,hek_csv,neg,E,E
ENST00000345093:56599550-56599670(-)_zeroshot_prediction,hek_csv,neg,E,E
ENST00000493082:889719-889839(-)_zeroshot_prediction,hek_csv,neg,H,H
ENST00000413981:18894052-18894172(+)_zeroshot_prediction,hek_csv,neg,H,H
ENST00000439211:79923763-79923883(-)_zeroshot_prediction,hek_csv,neg,M,M
ENST00000455270:186839052-186839172(-)_zeroshot_prediction,hek_csv,neg,H,H
ENST00000527433:43876762-43876882(+)_zeroshot_prediction,hek_csv,neg,H,H
ENST00000375225:19412654-19412774(-)_zeroshot_prediction,hek_csv,neg,H,H
ENST00000296674:81574086-81574206(-)_zeroshot_prediction,hek_csv,neg,H,H
ENST00000529577:65820485-65820605(+)_zeroshot_prediction,hek_csv,neg,E,E
ENST00000265857:931901-932021(+)_zeroshot_prediction,hek_csv,neg,S,S
ENST00000696906:187466760-187466880(+)_zeroshot_prediction,hek_csv,neg,I,I
ENST00000328631:48731685-48731805(-)_zeroshot_prediction,hek_csv,neg,H,H
ENST00000614300:1593688-1593808(-)_zeroshot_prediction,hek_csv,neg,E,E
ENST00000338051:134191223-134191343(+)_zeroshot_prediction,hek_csv,neg,H,H
ENST00000370833:132091237-132091357(-)_zeroshot_prediction,hek_csv,neg,H,H
ENST00000564630:43486959-43487079(+)_zeroshot_prediction,hek_csv,neg,S,S
ENST00000251076:51763401-51763521(-)_zeroshot_prediction,hek_csv,neg,H,H
ENST00000426154:29960173-29960293(-)_zeroshot_prediction,hek_csv,neg,H,H
ENST00000359052:95211662-95211782(+)_zeroshot_prediction,hek_csv,neg,E,E
ENST00000687657:47125290-47125410(-)_zeroshot_prediction,hek_csv,neg,I,I
ENST00000540080:36190865-36190985(+)_zeroshot_prediction,hek_csv,neg,I,I
ENST00000321250:29963339-29963459(+)_zeroshot_prediction,hek_csv,neg,E,E
ENST00000401525:5257499-5257619(+)_zeroshot_prediction,hek_csv,neg,H,H
ENST00000469702:114508078-114508198(-)_zeroshot_prediction,hek_csv,neg,I,I
ENST00000706764:214813958-214814078(+)_zeroshot_prediction,hek_csv,neg,I,I
ENST00000425013:5780665-5780785(-)_zeroshot_prediction,hek_csv,neg,I,I
ENST00000274458:115628872-115628992(+)_zeroshot_prediction,hek_csv,neg,H,H
ENST00000640915:107236258-107236378(+)_zeroshot_prediction,hek_csv,neg,E,E
ENST00000698599:83900656-83900776(-)_zeroshot_prediction,hek_csv,neg,H,H
ENST00000533550:34978952-34979072(+)_zeroshot_prediction,hek_csv,neg,M,M
ENST00000398896:49156449-49156569(-)_zeroshot_prediction,hek_csv,neg,S,S
ENST00000507755:138699391-138699511(+)_zeroshot_prediction,hek_csv,neg,H,H
ENST00000518293:101734237-101734357(-)_zeroshot_prediction,hek_csv,neg,E,E
ENST00000683023:114436221-114436341(-)_zeroshot_prediction,hek_csv,neg,S,S
ENST00000243776:220404985-220405105(-)_zeroshot_prediction,hek_csv,neg,H,H
ENST00000335895:72794900-72795020(+)_zeroshot_prediction,hek_csv,neg,H,H
ENST00000335606:33989500-33989620(-)_zeroshot_prediction,hek_csv,neg,H,H
ENST00000495288:151371992-151372112(+)_zeroshot_prediction,hek_csv,neg,I,I
ENST00000361138:72967983-72968103(+)_zeroshot_prediction,hek_csv,neg,H,H
ENST00000355295:100222762-100222882(+)_zeroshot_prediction,hek_csv,neg,E,E
ENST00000607373:59955261-59955381(-)_zeroshot_prediction,hek_csv,neg,H,H
ENST00000261401:109040137-109040257(-)_zeroshot_prediction,hek_csv,neg,I,I
ENST00000616010:41902955-41903075(-)_zeroshot_prediction,hek_csv,neg,H,H
ENST00000378251:3697812-3697932(-)_zeroshot_prediction,hek_csv,neg,I,I
ENST00000652648:89449449-89449569(-)_zeroshot_prediction,hek_csv,neg,H,H
ENST00000379540:33301283-33301403(+)_zeroshot_prediction,hek_csv,neg,H,H
ENST00000540243:93594877-93594997(+)_zeroshot_prediction,hek_csv,neg,H,H
ENST00000513276:137514818-137514938(+)_zeroshot_prediction,hek_csv,neg,I,I
ENST00000428183:102739341-102739461(+)_zeroshot_prediction,hek_csv,neg,H,H
ENST00000614113:116200045-116200165(+)_zeroshot_prediction,hek_csv,neg,H,H
ENST00000643584:48517075-48517195(-)_zeroshot_prediction,hek_csv,neg,H,H
ENST00000327428:74374956-74375076(-)_zeroshot_prediction,hek_csv,neg,I,I
ENST00000557515:23540566-23540686(-)_zeroshot_prediction,hek_csv,neg,H,H
ENST00000261880:67496408-67496528(-)_zeroshot_prediction,hek_csv,neg,H,H
ENST00000011619:13625829-13625949(-)_zeroshot_prediction,hek_csv,neg,I,I
ENST00000340437:61171335-61171455(-)_zeroshot_prediction,hek_csv,neg,H,H
ENST00000262056:53400198-53400318(+)_zeroshot_prediction,hek_csv,neg,H,H
ENST00000582707:212111-212231(+)_zeroshot_prediction,hek_csv,neg,M,M
ENST00000382038:34906921-34907041(-)_zeroshot_prediction,hek_csv,neg,E,E
ENST00000278426:57254614-57254734(-)_zeroshot_prediction,hek_csv,neg,H,H
ENST00000695493:134049574-134049694(+)_zeroshot_prediction,hek_csv,neg,B,B
ENST00000366812:226334166-226334286(-)_zeroshot_prediction,hek_csv,neg,H,H
ENST00000289119:19243992-19244112(-)_zeroshot_prediction,hek_csv,neg,E,E
ENST00000230050:133135812-133135932(+)_zeroshot_prediction,hek_csv,neg,H,H
ENST00000679963:18604227-18604347(+)_zeroshot_prediction,hek_csv,neg,M,M
ENST00000254029:117576547-117576667(+)_zeroshot_prediction,hek_csv,neg,E,E
ENST00000397389:123459785-123459905(+)_zeroshot_prediction,hek_csv,neg,E,E
ENST00000557020:90873940-90874060(+)_zeroshot_prediction,hek_csv,neg,E,E
ENST00000373365:38670852-38670972(-)_zeroshot_prediction,hek_csv,neg,H,H
ENST00000455432:122522731-122522851(+)_zeroshot_prediction,hek_csv,neg,M,M
ENST00000446488:129734903-129735023(-)_zeroshot_prediction,hek_csv,neg,H,H
ENST00000711528:18250782-18250902(-)_zeroshot_prediction,hek_csv,neg,M,M
ENST00000645521:24686364-24686484(-)_zeroshot_prediction,hek_csv,neg,H,H
ENST00000463863:150270090-150270210(+)_zeroshot_prediction,hek_csv,neg,M,M
ENST00000338244:4837654-4837774(-)_zeroshot_prediction,hek_csv,neg,M,M
ENST00000591680:42476515-42476635(-)_zeroshot_prediction,hek_csv,neg,H,H
ENST00000394477:123224439-123224559(+)_zeroshot_prediction,hek_csv,neg,I,I
ENST00000544010:114315277-114315397(+)_zeroshot_prediction,hek_csv,neg,M,M
ENST00000417626:50327567-50327687(-)_zeroshot_prediction,hek_csv,neg,H,H
ENST00000249373:128852113-128852233(+)_zeroshot_prediction,hek_csv,neg,I,I
ENST00000658083:142278077-142278197(-)_zeroshot_prediction,hek_csv,neg,I,I
ENST00000355995:114927300-114927420(+)_zeroshot_prediction,hek_csv,neg,H,H
ENST00000302692:9639994-9640114(+)_zeroshot_prediction,hek_csv,neg,S,S
ENST00000485080:17722279-17722399(-)_zeroshot_prediction,hek_csv,neg,H,H
ENST00000651428:44198058-44198178(+)_zeroshot_prediction,hek_csv,neg,E,E
ENST00000225430:37357407-37357527(+)_zeroshot_prediction,hek_csv,neg,I,I
ENST00000438799:242106498-242106618(+)_zeroshot_prediction,hek_csv,neg,E,E
ENST00000254029:117480309-117480429(+)_zeroshot_prediction,hek_csv,neg,I,I
ENST00000299413:35830093-35830213(+)_zeroshot_prediction,hek_csv,neg,I,I
ENST00000254636:86398369-86398489(-)_zeroshot_prediction,hek_csv,neg,E,E
ENST00000606514:143749110-143749230(-)_zeroshot_prediction,hek_csv,neg,H,H
ENST00000432305:175388356-175388476(-)_zeroshot_prediction,hek_csv,neg,E,E
ENST00000648817:34954673-34954793(+)_zeroshot_prediction,hek_csv,neg,H,H
ENST00000540626:71720356-71720476(-)_zeroshot_prediction,hek_csv,neg,H,H
ENST00000258105:74699247-74699367(-)_zeroshot_prediction,hek_csv,neg,I,I
ENST00000566388:57490412-57490532(+)_zeroshot_prediction,hek_csv,neg,E,E
ENST00000361264:34126585-34126705(-)_zeroshot_prediction,hek_csv,neg,H,H
ENST00000380502:19093197-19093317(-)_zeroshot_prediction,hek_csv,neg,E,E
ENST00000554887:96986388-96986508(+)_zeroshot_prediction,hek_csv,neg,I,I
ENST00000513276:137519897-137520017(+)_zeroshot_prediction,hek_csv,neg,I,I
ENST00000009041:38269586-38269706(+)_zeroshot_prediction,hek_csv,neg,H,H
ENST00000394583:90486352-90486472(+)_zeroshot_prediction,hek_csv,neg,S,S
ENST00000245407:131705678-131705798(+)_zeroshot_prediction,hek_csv,neg,S,S
ENST00000316149:97345644-97345764(-)_zeroshot_prediction,hek_csv,neg,E,E
ENST00000233892:198388314-198388434(+)_zeroshot_prediction,hek_csv,neg,H,H
ENST00000253329:149833256-149833376(-)_zeroshot_prediction,hek_csv,neg,H,H
ENST00000398136:102268485-102268605(-)_zeroshot_prediction,hek_csv,neg,H,H
ENST00000361473:45098320-45098440(+)_zeroshot_prediction,hek_csv,neg,I,I
ENST00000299004:94607470-94607590(+)_zeroshot_prediction,hek_csv,neg,H,H
ENST00000620797:27535557-27535677(-)_zeroshot_prediction,hek_csv,neg,E,E
ENST00000453782:43891373-43891493(+)_zeroshot_prediction,hek_csv,neg,E,E
ENST00000643447:112566556-112566676(-)_zeroshot_prediction,hek_csv,neg,I,I
ENST00000679106:49993112-49993232(+)_zeroshot_prediction,hek_csv,neg,H,H
ENST00000421182:216248142-216248262(-)_zeroshot_prediction,hek_csv,neg,E,E
ENST00000421182:216256472-216256592(-)_zeroshot_prediction,hek_csv,neg,E,E
ENST00000570371:53039213-53039333(+)_zeroshot_prediction,hek_csv,neg,E,E
ENST00000265069:32403402-32403522(-)_zeroshot_prediction,hek_csv,neg,H,H
ENST00000455990:60325812-60325932(+)_zeroshot_prediction,hek_csv,neg,H,H
ENST00000370249:152617691-152617811(+)_zeroshot_prediction,hek_csv,neg,I,I
ENST00000425118:74756739-74756859(-)_zeroshot_prediction,hek_csv,neg,H,H
ENST00000484157:155110806-155110926(+)_zeroshot_prediction,hek_csv,neg,H,H
ENST00000373449:33475365-33475485(-)_zeroshot_prediction,hek_csv,neg,S,S
ENST00000592514:10370595-10370715(+)_zeroshot_prediction,hek_csv,neg,I,I
ENST00000479421:43534586-43534706(+)_zeroshot_prediction,hek_csv,neg,I,I
ENST00000258405:224856554-224856674(-)_zeroshot_prediction,hek_csv,neg,H,H
ENST00000359843:2986067-2986187(-)_zeroshot_prediction,hek_csv,neg,E,E
ENST00000381885:43965987-43966107(-)_zeroshot_prediction,hek_csv,neg,H,H
ENST00000492275:38538440-38538560(+)_zeroshot_prediction,hek_csv,neg,S,S
ENST00000345496:46189743-46189863(-)_zeroshot_prediction,hek_csv,neg,S,S
ENST00000539554:10766110-10766230(-)_zeroshot_prediction,hek_csv,neg,I,I
ENST00000479054:52525339-52525459(+)_zeroshot_prediction,hek_csv,neg,I,I
ENST00000336735:81942643-81942763(-)_zeroshot_prediction,hek_csv,neg,E,E
ENST00000679963:18604229-18604349(+)_zeroshot_prediction,hek_csv,neg,I,I
ENST00000410080:153525703-153525823(-)_zeroshot_prediction,hek_csv,neg,E,E
ENST00000530427:68355377-68355497(+)_zeroshot_prediction,hek_csv,neg,H,H
ENST00000592258:41601116-41601236(+)_zeroshot_prediction,hek_csv,neg,S,S
ENST00000519078:62538259-62538379(+)_zeroshot_prediction,hek_csv,neg,M,M
ENST00000425443:75836119-75836239(-)_zeroshot_prediction,hek_csv,neg,I,I
ENST00000541170:139044752-139044872(+)_zeroshot_prediction,hek_csv,neg,E,E
ENST00000269187:33704532-33704652(-)_zeroshot_prediction,hek_csv,neg,S,S
ENST00000503362:177253006-177253126(+)_zeroshot_prediction,hek_csv,neg,M,M
ENST00000691309:91753066-91753186(-)_zeroshot_prediction,hek_csv,neg,H,H
ENST00000431639:7592125-7592245(+)_zeroshot_prediction,hek_csv,neg,H,H
ENST00000518471:23297221-23297341(-)_zeroshot_prediction,hek_csv,neg,I,I
ENST00000054666:7840091-7840211(+)_zeroshot_prediction,hek_csv,neg,E,E
ENST00000393042:99018437-99018557(-)_zeroshot_prediction,hek_csv,neg,M,M
ENST00000682097:58154130-58154250(+)_zeroshot_prediction,hek_csv,neg,I,I
ENST00000520897:90346979-90347099(-)_zeroshot_prediction,hek_csv,neg,E,E
ENST00000683292:148544263-148544383(-)_zeroshot_prediction,hek_csv,neg,H,H
ENST00000225296:5345697-5345817(-)_zeroshot_prediction,hek_csv,neg,H,H
ENST00000522684:141874418-141874538(-)_zeroshot_prediction,hek_csv,neg,H,H
ENST00000533507:47603912-47604032(+)_zeroshot_prediction,hek_csv,neg,S,S
ENST00000567806:27483090-27483210(-)_zeroshot_prediction,hek_csv,neg,H,H
ENST00000533086:15226614-15226734(-)_zeroshot_prediction,hek_csv,neg,E,E
ENST00000262304:2143012-2143132(-)_zeroshot_prediction,hek_csv,neg,H,H
ENST00000381055:64445164-64445284(-)_zeroshot_prediction,hek_csv,neg,S,S
ENST00000357519:65652991-65653111(-)_zeroshot_prediction,hek_csv,neg,E,E
ENST00000487096:54665796-54665916(+)_zeroshot_prediction,hek_csv,neg,M,M
NM_015874:2466-2586(+)_zeroshot_prediction,pseudo_seq,neg,M,M
NM_003750:535-655(+)_zeroshot_prediction,pseudo_seq,neg,H,H
ENST00000381125:1080-1200(+)_zeroshot_prediction,pseudo_seq,neg,E,E
NM_030790:1071-1191(+)_zeroshot_prediction,pseudo_seq,neg,H,H
NM_012177:169-289(+)_zeroshot_prediction,pseudo_seq,neg,S,S
ENST00000259632:234-354(+)_zeroshot_prediction,pseudo_seq,neg,H,H
NM_002787:760-880(+)_zeroshot_prediction,pseudo_seq,neg,H,H
NM_001135653:2039-2159(+)_zeroshot_prediction,pseudo_seq,neg,H,H
ENST00000258962:1590-1710(+)_zeroshot_prediction,pseudo_seq,neg,M,M
NM_016101:1292-1412(+)_zeroshot_prediction,pseudo_seq,neg,S,S
NM_006265:419-539(+)_zeroshot_prediction,pseudo_seq,neg,H,H
NM_001035521:2842-2962(+)_zeroshot_prediction,pseudo_seq,neg,H,H
NM_031466:2128-2248(+)_zeroshot_prediction,pseudo_seq,neg,H,H
NM_002979:1827-1947(+)_zeroshot_prediction,pseudo_seq,neg,H,H
NM_001204298:1466-1586(+)_zeroshot_prediction,pseudo_seq,neg,I,I
NM_021961:7802-7922(+)_zeroshot_prediction,pseudo_seq,neg,S,S
NM_001098633:1142-1262(+)_zeroshot_prediction,pseudo_seq,neg,H,H
NM_002794:891-1011(+)_zeroshot_prediction,pseudo_seq,neg,M,M
NM_014819:394-514(+)_zeroshot_prediction,pseudo_seq,neg,H,H
NM_002355:1560-1680(+)_zeroshot_prediction,pseudo_seq,neg,H,H
ENST00000557016:523-643(+)_zeroshot_prediction,pseudo_seq,neg,I,I
NM_004161:1291-1411(+)_zeroshot_prediction,pseudo_seq,neg,H,H
ENST00000252804:4247-4367(+)_zeroshot_prediction,pseudo_seq,neg,H,H
NM_006295.3:1820-1940(+)_zeroshot_prediction,hk_qp,pos,H,H
NM_006667.5:1328-1448(+)_zeroshot_prediction,hk_qp,pos,I,I
NM_001321226.2:3409-3529(+)_zeroshot_prediction,hk_qp,pos,S,S
NM_080626.6:968-1088(+)_zeroshot_prediction,hk_qp,pos,H,H
NM_006035.4:4723-4843(+)_zeroshot_prediction,hk_qp,pos,H,H
NM_030579.3:1484-1604(+)_zeroshot_prediction,hk_qp,pos,M,M
NM_001008938.4:6331-6451(+)_zeroshot_prediction,hk_qp,pos,H,H
NM_014997.4:3086-3206(+)_zeroshot_prediction,hk_qp,pos,E,E
NM_001379455.1:2073-2193(+)_zeroshot_prediction,hk_qp,pos,H,H
NM_145806.4:38-158(+)_zeroshot_prediction,hk_qp,pos,E,E
NM_007236.5:1410-1530(+)_zeroshot_prediction,hk_qp,pos,H,H
NM_005828.5:1823-1943(+)_zeroshot_prediction,hk_qp,pos,H,H
NM_001277961.3:3593-3713(+)_zeroshot_prediction,hk_qp,pos,H,H
NM_001331029.2:9992-10112(+)_zeroshot_prediction,hk_qp,pos,H,H
NM_001394849.1:2104-2224(+)_zeroshot_prediction,hk_qp,pos,E,E
NM_004082.5:312-432(+)_zeroshot_prediction,hk_qp,pos,H,H
NM_001206864.2:1584-1704(+)_zeroshot_prediction,hk_qp,pos,H,H
NM_005044.5:2965-3085(+)_zeroshot_prediction,hk_qp,pos,H,H
NM_000194.3:653-773(+)_zeroshot_prediction,hk_qp,pos,M,M
NM_054013.3:1696-1816(+)_zeroshot_prediction,hk_qp,pos,E,E
NM_002907.4:219-339(+)_zeroshot_prediction,hk_qp,pos,I,I
NM_001322009.2:4831-4951(+)_zeroshot_prediction,hk_qp,pos,B,B
NM_002024.6:359-479(+)_zeroshot_prediction,hk_qp,pos,M,M
NM_014864.4:850-970(+)_zeroshot_prediction,hk_qp,pos,S,S
NM_014762.4:2552-2672(+)_zeroshot_prediction,hk_qp,pos,S,S
NM_001002296.2:1833-1953(+)_zeroshot_prediction,hk_qp,pos,H,H
NM_005258.3:558-678(+)_zeroshot_prediction,hk_qp,pos,H,H
NM_001198759.1:6457-6577(+)_zeroshot_prediction,hk_qp,pos,H,H
NM_001170629.2:1500-1620(+)_zeroshot_prediction,hk_qp,pos,H,H
NM_006320.6:1648.5-1768.5(+)_zeroshot_prediction,hk_qp,pos,H,H
NM_018997.3:294-414(+)_zeroshot_prediction,hk_qp,pos,M,M
NM_018126.3:5675-5795(+)_zeroshot_prediction,hk_qp,pos,E,E
NM_014865.4:7-127(+)_zeroshot_prediction,hk_qp,pos,H,H
NM_052883.3:691-811(+)_zeroshot_prediction,hk_qp,pos,I,I
NM_001394062.1:15759-15879(+)_zeroshot_prediction,hk_qp,pos,H,H
NM_001363643.2:211-331(+)_zeroshot_prediction,hk_qp,pos,H,H
NM_014739.3:3826-3946(+)_zeroshot_prediction,hk_qp,pos,E,E
NM_001242875.3:6158-6278(+)_zeroshot_prediction,hk_qp,pos,H,H
NM_006651.4:978-1098(+)_zeroshot_prediction,hk_qp,pos,E,E
NM_005231.4:533-653(+)_zeroshot_prediction,hk_qp,pos,H,H
NM_004169.5:2163-2283(+)_zeroshot_prediction,hk_qp,pos,H,H
NM_001034996.3:156-276(+)_zeroshot_prediction,hk_qp,pos,H,H
NM_001198954.1:2039-2159(+)_zeroshot_prediction,hk_qp,pos,H,H
NM_018158.2:604.5-724.5(+)_zeroshot_prediction,hk_qp,pos,H,H
NM_001387277.1:934-1054(+)_zeroshot_prediction,hk_qp,pos,I,I
NM_002972.4:885-1005(+)_zeroshot_prediction,hk_qp,pos,M,M
NM_002818.3:520-640(+)_zeroshot_prediction,hk_qp,pos,I,I
NM_207042.2:928-1048(+)_zeroshot_prediction,hk_qp,pos,H,H
NM_001170569.1:1648-1768(+)_zeroshot_prediction,hk_qp,pos,H,H
NM_001013439.3:2669-2789(+)_zeroshot_prediction,hk_qp,pos,S,S
NM_001375318.1:1270-1390(+)_zeroshot_prediction,hk_qp,pos,S,S
NM_007208.4:530-650(+)_zeroshot_prediction,hk_qp,pos,H,H
NM_003088.4:2352-2472(+)_zeroshot_prediction,hk_qp,pos,I,I
NM_020325.3:1883-2003(+)_zeroshot_prediction,hk_qp,pos,I,I
NM_006012.4:775-895(+)_zeroshot_prediction,hk_qp,pos,H,H
NM_014747.3:5204-5324(+)_zeroshot_prediction,hk_qp,pos,H,H
NM_005234.4:388-508(+)_zeroshot_prediction,hk_qp,pos,E,E
NM_002836.4:1732-1852(+)_zeroshot_prediction,hk_qp,pos,S,S
NM_006546.4:1419-1539(+)_zeroshot_prediction,hk_qp,pos,H,H
NM_024092.3:1878-1998(+)_zeroshot_prediction,hk_qp,pos,H,H
NM_207418.3:1056-1176(+)_zeroshot_prediction,hk_qp,pos,I,I
NM_198839.3:10339-10459(+)_zeroshot_prediction,hk_qp,pos,H,H
NM_021809.7:3070-3190(+)_zeroshot_prediction,hk_qp,pos,S,S
NM_001042552.3:501-621(+)_zeroshot_prediction,hk_qp,pos,H,H
NM_001243766.2:722-842(+)_zeroshot_prediction,hk_qp,pos,H,H
NM_001144936.2:3161-3281(+)_zeroshot_prediction,hk_qp,pos,H,H
NM_000983.4:1051-1171(+)_zeroshot_prediction,hk_qp,pos,S,S
NM_020410.3:1644-1764(+)_zeroshot_prediction,hk_qp,pos,S,S
NM_014508.3:1102-1222(+)_zeroshot_prediction,hk_qp,pos,M,M
NM_014394.3:106-226(+)_zeroshot_prediction,hk_qp,pos,B,B
NM_001010867.4:4447-4567(+)_zeroshot_prediction,hk_qp,pos,H,H
NM_206953.3:1474-1594(+)_zeroshot_prediction,hk_qp,pos,H,H
NM_001322462.1:439-559(+)_zeroshot_prediction,hk_qp,pos,M,M
NM_000152.5:256-376(+)_zeroshot_prediction,hk_qp,pos,H,H
NM_012310.5:599-719(+)_zeroshot_prediction,hk_qp,pos,H,H
NM_016418.5:69-189(+)_zeroshot_prediction,hk_qp,pos,H,H
NM_024294.4:2107-2227(+)_zeroshot_prediction,hk_qp,pos,H,H
NM_004169.5:1925-2045(+)_zeroshot_prediction,hk_qp,pos,H,H
NM_007075.4:1056-1176(+)_zeroshot_prediction,hk_qp,pos,H,H
NM_005590.4:4395-4515(+)_zeroshot_prediction,hk_qp,pos,E,E
NM_001009932.3:107-227(+)_zeroshot_prediction,hk_qp,pos,H,H
NM_006389.5:471-591(+)_zeroshot_prediction,hk_qp,pos,H,H
NM_001330575.2:1417-1537(+)_zeroshot_prediction,hk_qp,pos,H,H
NM_015409.5:5910-6030(+)_zeroshot_prediction,hk_qp,pos,E,E
NM_178042.4:1426-1546(+)_zeroshot_prediction,hk_qp,pos,H,H
NM_030648.4:4302-4422(+)_zeroshot_prediction,hk_qp,pos,I,I
NM_002583.4:4746-4866(+)_zeroshot_prediction,hk_qp,pos,E,E
NM_001171162.1:5853.5-5973.5(+)_zeroshot_prediction,hk_qp,pos,I,I
NM_023923.4:2389-2509(+)_zeroshot_prediction,hk_qp,pos,H,H
NM_003754.3:1060-1180(+)_zeroshot_prediction,hk_qp,pos,I,I
NM_002525.3:3154-3274(+)_zeroshot_prediction,hk_qp,pos,S,S
NM_001261445.2:2501-2621(+)_zeroshot_prediction,hk_qp,pos,H,H
NM_003276.2:2178-2298(+)_zeroshot_prediction,hk_qp,pos,H,H
NM_021873.4:1475-1595(+)_zeroshot_prediction,hk_qp,pos,H,H
NM_207043.2:629-749(+)_zeroshot_prediction,hk_qp,pos,E,E
NM_001312872.1:446-566(+)_zeroshot_prediction,hk_qp,pos,H,H
NM_000391.4:543-663(+)_zeroshot_prediction,hk_qp,pos,H,H
NM_003302.3:690-810(+)_zeroshot_prediction,hk_qp,pos,H,H
NM_021928.4:954-1074(+)_zeroshot_prediction,hk_qp,pos,H,H
NM_001659.3:1540-1660(+)_zeroshot_prediction,hk_qp,pos,H,H
NM_001348065.2:1056-1176(+)_zeroshot_prediction,hk_qp,pos,H,H
NM_001199839.2:204-324(+)_zeroshot_prediction,hk_qp,pos,S,S
NM_014345.3:173-293(+)_zeroshot_prediction,hk_qp,pos,S,S
NM_014014.5:6523-6643(+)_zeroshot_prediction,hk_qp,pos,S,S
ENST00000491306.6:487-608(+)_zeroshot_prediction,bid_seq,pos,H,H
ENST00000616122.5:3978-4099(-)_zeroshot_prediction,bid_seq,pos,E,E
ENST00000395840.6:144-265(+)_zeroshot_prediction,bid_seq,pos,H,H
ENST00000539524.5:2383-2504(-)_zeroshot_prediction,bid_seq,pos,H,H
ENST00000273398.8:1412-1533(+)_zeroshot_prediction,bid_seq,pos,H,H
ENST00000329970.8:96-217(+)_zeroshot_prediction,bid_seq,pos,I,I
ENST00000502346.2:3791-3912(-)_zeroshot_prediction,bid_seq,pos,H,H
ENST00000395840.6:228-349(+)_zeroshot_prediction,bid_seq,pos,H,H
ENST00000433898.5:43-164(+)_zeroshot_prediction,bid_seq,pos,E,E
ENST00000290649.10:847-968(-)_zeroshot_prediction,bid_seq,pos,H,H
ENST00000216225.9:115-236(+)_zeroshot_prediction,bid_seq,pos,I,I
ENST00000340473.8:363-484(+)_zeroshot_prediction,bid_seq,pos,H,H
ENST00000588657.6:317-438(+)_zeroshot_prediction,bid_seq,pos,H,H
ENST00000340473.8:246-367(+)_zeroshot_prediction,bid_seq,pos,H,H
ENST00000649557:96212811-96212931(-)_zeroshot_prediction,hek_csv,pos,H,H
ENST00000642433:24593289-24593409(+)_zeroshot_prediction,hek_csv,pos,E,E
ENST00000308249:57060466-57060586(+)_zeroshot_prediction,hek_csv,pos,I,I
ENST00000563364:69376453-69376573(+)_zeroshot_prediction,hek_csv,pos,E,E
ENST00000361822:111928867-111928987(+)_zeroshot_prediction,hek_csv,pos,H,H
ENST00000341060:24650700-24650820(-)_zeroshot_prediction,hek_csv,pos,H,H
ENST00000252512:21860712-21860832(+)_zeroshot_prediction,hek_csv,pos,H,H
ENST00000383572:126360909-126361029(-)_zeroshot_prediction,hek_csv,pos,H,H
ENST00000475662:27015970-27016090(+)_zeroshot_prediction,hek_csv,pos,H,H
ENST00000321599:49762694-49762814(-)_zeroshot_prediction,hek_csv,pos,M,M
ENST00000458128:77223801-77223921(-)_zeroshot_prediction,hek_csv,pos,M,M
ENST00000470285:75933622-75933742(-)_zeroshot_prediction,hek_csv,pos,H,H
ENST00000360458:102933470-102933590(-)_zeroshot_prediction,hek_csv,pos,I,I
ENST00000328908:4943765-4943885(+)_zeroshot_prediction,hek_csv,pos,H,H
ENST00000424459:56558611-56558731(+)_zeroshot_prediction,hek_csv,pos,H,H
ENST00000472505:44440611-44440731(+)_zeroshot_prediction,hek_csv,pos,H,H
ENST00000400259:22418930-22419050(+)_zeroshot_prediction,hek_csv,pos,S,S
ENST00000361204:42302103-42302223(+)_zeroshot_prediction,hek_csv,pos,H,H
ENST00000639782:179226539-179226659(-)_zeroshot_prediction,hek_csv,pos,H,H
ENST00000358230:66531874-66531994(-)_zeroshot_prediction,hek_csv,pos,H,H
ENST00000562819:18812749-18812869(-)_zeroshot_prediction,hek_csv,pos,E,E
ENST00000265351:43538612-43538732(-)_zeroshot_prediction,hek_csv,pos,E,E
ENST00000527601:31452276-31452396(+)_zeroshot_prediction,hek_csv,pos,I,I
ENST00000322313:128520401-128520521(-)_zeroshot_prediction,hek_csv,pos,H,H
ENST00000360461:67313398-67313518(+)_zeroshot_prediction,hek_csv,pos,H,H
ENST00000615183:14529901-14530021(-)_zeroshot_prediction,hek_csv,pos,H,H
ENST00000275053:97597677-97597797(-)_zeroshot_prediction,hek_csv,pos,H,H
ENST00000260447:41059738-41059858(+)_zeroshot_prediction,hek_csv,pos,E,E
ENST00000433449:47387395-47387515(+)_zeroshot_prediction,hek_csv,pos,E,E
ENST00000426333:42930663-42930783(-)_zeroshot_prediction,hek_csv,pos,H,H
ENST00000361828:193413993-193414113(+)_zeroshot_prediction,hek_csv,pos,E,E
ENST00000574428:47110824-47110944(-)_zeroshot_prediction,hek_csv,pos,H,H
ENST00000416967:36863546-36863666(-)_zeroshot_prediction,hek_csv,pos,S,S
ENST00000504087:125586636-125586756(-)_zeroshot_prediction,hek_csv,pos,E,E
ENST00000695516:109302754-109302874(+)_zeroshot_prediction,hek_csv,pos,H,H
ENST00000498737:42481822-42481942(-)_zeroshot_prediction,hek_csv,pos,S,S
ENST00000367408:197065159-197065279(-)_zeroshot_prediction,hek_csv,pos,M,M
ENST00000620797:27535373-27535493(-)_zeroshot_prediction,hek_csv,pos,S,S
ENST00000000412:9094355-9094475(-)_zeroshot_prediction,hek_csv,pos,H,H
ENST00000335211:201185625-201185745(+)_zeroshot_prediction,hek_csv,pos,S,S
ENST00000487476:29652868-29652988(+)_zeroshot_prediction,hek_csv,pos,M,M
ENST00000398514:146781192-146781312(-)_zeroshot_prediction,hek_csv,pos,H,H
ENST00000250454:35005327-35005447(-)_zeroshot_prediction,hek_csv,pos,H,H
ENST00000715724:98927919-98928039(+)_zeroshot_prediction,hek_csv,pos,H,H
ENST00000695651:6680158-6680278(-)_zeroshot_prediction,hek_csv,pos,S,S
ENST00000469015:32948558-32948678(+)_zeroshot_prediction,hek_csv,pos,H,H
ENST00000488031:148560980-148561100(+)_zeroshot_prediction,hek_csv,pos,S,S
ENST00000234875:6257682-6257802(-)_zeroshot_prediction,hek_csv,pos,H,H
ENST00000485066:107559694-107559814(+)_zeroshot_prediction,hek_csv,pos,H,H
ENST00000413465:7590713-7590833(-)_zeroshot_prediction,hek_csv,pos,I,I
ENST00000355192:65859688-65859808(+)_zeroshot_prediction,hek_csv,pos,H,H
ENST00000382361:5645855-5645975(+)_zeroshot_prediction,hek_csv,pos,H,H
ENST00000367259:202894068-202894188(-)_zeroshot_prediction,hek_csv,pos,H,H
ENST00000523282:220251396-220251516(-)_zeroshot_prediction,hek_csv,pos,H,H
ENST00000589774:34051204-34051324(+)_zeroshot_prediction,hek_csv,pos,S,S
ENST00000683279:9986221-9986341(+)_zeroshot_prediction,hek_csv,pos,H,H
ENST00000595796:48324594-48324714(-)_zeroshot_prediction,hek_csv,pos,S,S
ENST00000369016:150594827-150594947(-)_zeroshot_prediction,hek_csv,pos,I,I
ENST00000640069:136581312-136581432(-)_zeroshot_prediction,hek_csv,pos,E,E
ENST00000368086:160062937-160063057(-)_zeroshot_prediction,hek_csv,pos,H,H
ENST00000366991:212241591-212241711(+)_zeroshot_prediction,hek_csv,pos,H,H
ENST00000419616:110092018-110092138(+)_zeroshot_prediction,hek_csv,pos,E,E
ENST00000564978:28975752-28975872(+)_zeroshot_prediction,hek_csv,pos,B,B
ENST00000592415:43324276-43324396(+)_zeroshot_prediction,hek_csv,pos,I,I
ENST00000622165:44439008-44439128(-)_zeroshot_prediction,hek_csv,pos,S,S
ENST00000216968:33764520-33764640(+)_zeroshot_prediction,hek_csv,pos,E,E
ENST00000429422:47957925-47958045(-)_zeroshot_prediction,hek_csv,pos,H,H
ENST00000406462:109440607-109440727(+)_zeroshot_prediction,hek_csv,pos,H,H
ENST00000343702:96052922-96053042(-)_zeroshot_prediction,hek_csv,pos,H,H
ENST00000245206:58750013-58750133(-)_zeroshot_prediction,hek_csv,pos,H,H
ENST00000527433:43861497-43861617(+)_zeroshot_prediction,hek_csv,pos,H,H
ENST00000215832:22143005-22143125(-)_zeroshot_prediction,hek_csv,pos,S,S
ENST00000576924:2812228-2812348(+)_zeroshot_prediction,hek_csv,pos,I,I
ENST00000467160:19765410-19765530(-)_zeroshot_prediction,hek_csv,pos,H,H
ENST00000494106:230416906-230417026(+)_zeroshot_prediction,hek_csv,pos,E,E
ENST00000378322:3547623-3547743(-)_zeroshot_prediction,hek_csv,pos,H,H
ENST00000393979:66394554-66394674(+)_zeroshot_prediction,hek_csv,pos,E,E
ENST00000456936:114950299-114950419(-)_zeroshot_prediction,hek_csv,pos,I,I
ENST00000332810:89174072-89174192(+)_zeroshot_prediction,hek_csv,pos,H,H
ENST00000302450:113495548-113495668(-)_zeroshot_prediction,hek_csv,pos,M,M
ENST00000550009:120875878-120875998(+)_zeroshot_prediction,hek_csv,pos,M,M
ENST00000647103:29443883-29444003(+)_zeroshot_prediction,hek_csv,pos,I,I
ENST00000453153:170387114-170387234(-)_zeroshot_prediction,hek_csv,pos,H,H
ENST00000677230:231940207-231940327(+)_zeroshot_prediction,hek_csv,pos,M,M
ENST00000618282:77081869-77081989(-)_zeroshot_prediction,hek_csv,pos,B,B
ENST00000356641:120358440-120358560(+)_zeroshot_prediction,hek_csv,pos,H,H
ENST00000431926:61667128-61667248(+)_zeroshot_prediction,hek_csv,pos,H,H
ENST00000560217:78834763-78834883(+)_zeroshot_prediction,hek_csv,pos,E,E
ENST00000314606:13033488-13033608(-)_zeroshot_prediction,hek_csv,pos,I,I
ENST00000718430:42912035-42912155(-)_zeroshot_prediction,hek_csv,pos,E,E
ENST00000373710:31907138-31907258(+)_zeroshot_prediction,hek_csv,pos,H,H
ENST00000331456:49893868-49893988(-)_zeroshot_prediction,hek_csv,pos,H,H
ENST00000609672:64960451-64960571(+)_zeroshot_prediction,hek_csv,pos,I,I
ENST00000411647:411118-411238(+)_zeroshot_prediction,hek_csv,pos,E,E
ENST00000479035:37007769-37007889(-)_zeroshot_prediction,hek_csv,pos,I,I
ENST00000424732:21070600-21070720(-)_zeroshot_prediction,hek_csv,pos,H,H
ENST00000340438:51488117-51488237(+)_zeroshot_prediction,hek_csv,pos,H,H
ENST00000612630:4961605-4961725(+)_zeroshot_prediction,hek_csv,pos,H,H
ENST00000523741:126114572-126114692(+)_zeroshot_prediction,hek_csv,pos,S,S
ENST00000369486:117119432-117119552(-)_zeroshot_prediction,hek_csv,pos,S,S
ENST00000340611:2593955-2594075(-)_zeroshot_prediction,hek_csv,pos,H,H
ENST00000409472:1925601-1925721(+)_zeroshot_prediction,hek_csv,pos,I,I
ENST00000522100:150409784-150409904(-)_zeroshot_prediction,hek_csv,pos,M,M
ENST00000477063:122964726-122964846(+)_zeroshot_prediction,hek_csv,pos,S,S
ENST00000374403:69521765-69521885(+)_zeroshot_prediction,hek_csv,pos,M,M
ENST00000628261:70953896-70954016(+)_zeroshot_prediction,hek_csv,pos,I,I
ENST00000642609:24701457-24701577(-)_zeroshot_prediction,hek_csv,pos,H,H
ENST00000546361:16628754-16628874(-)_zeroshot_prediction,hek_csv,pos,H,H
ENST00000268097:72636327-72636447(-)_zeroshot_prediction,hek_csv,pos,H,H
ENST00000443328:48559499-48559619(+)_zeroshot_prediction,hek_csv,pos,I,I
ENST00000607016:34360208-34360328(-)_zeroshot_prediction,hek_csv,pos,I,I
ENST00000586717:73906540-73906660(-)_zeroshot_prediction,hek_csv,pos,I,I
ENST00000422218:23959885-23960005(+)_zeroshot_prediction,hek_csv,pos,H,H
ENST00000446488:129734330-129734450(-)_zeroshot_prediction,hek_csv,pos,H,H
ENST00000416600:3848358-3848478(+)_zeroshot_prediction,hek_csv,pos,S,S
ENST00000649849:105185124-105185244(+)_zeroshot_prediction,hek_csv,pos,H,H
ENST00000543953:129498580-129498700(+)_zeroshot_prediction,hek_csv,pos,H,H
ENST00000672198:70261717-70261837(+)_zeroshot_prediction,hek_csv,pos,H,H
ENST00000618898:121160485-121160605(+)_zeroshot_prediction,hek_csv,pos,H,H
ENST00000309993:135868458-135868578(-)_zeroshot_prediction,hek_csv,pos,E,E
ENST00000549275:49724249-49724369(+)_zeroshot_prediction,hek_csv,pos,I,I
ENST00000694906:102391603-102391723(+)_zeroshot_prediction,hek_csv,pos,M,M
ENST00000506339:177637502-177637622(+)_zeroshot_prediction,hek_csv,pos,H,H
ENST00000280551:119644272-119644392(-)_zeroshot_prediction,hek_csv,pos,E,E
ENST00000316059:58388130-58388250(+)_zeroshot_prediction,hek_csv,pos,S,S
ENST00000466642:64118362-64118482(+)_zeroshot_prediction,hek_csv,pos,I,I
ENST00000715796:60690665-60690785(+)_zeroshot_prediction,hek_csv,pos,B,B
ENST00000711528:18231430-18231550(-)_zeroshot_prediction,hek_csv,pos,I,I
ENST00000366711:228363296-228363416(+)_zeroshot_prediction,hek_csv,pos,S,S
ENST00000369390:120845947-120846067(+)_zeroshot_prediction,hek_csv,pos,E,E
ENST00000631021:17734913-17735033(-)_zeroshot_prediction,hek_csv,pos,M,M
ENST00000579889:46137966-46138086(+)_zeroshot_prediction,hek_csv,pos,H,H
ENST00000579618:19209689-19209809(+)_zeroshot_prediction,hek_csv,pos,E,E
ENST00000380991:24286252-24286372(+)_zeroshot_prediction,hek_csv,pos,H,H
ENST00000389120:104325519-104325639(+)_zeroshot_prediction,hek_csv,pos,M,M
ENST00000486132:45476894-45477014(-)_zeroshot_prediction,hek_csv,pos,H,H
ENST00000493559:123533618-123533738(-)_zeroshot_prediction,hek_csv,pos,E,E
ENST00000261837:52413315-52413435(-)_zeroshot_prediction,hek_csv,pos,E,E
ENST00000216455:58711526-58711646(+)_zeroshot_prediction,hek_csv,pos,H,H
ENST00000673477:1431136-1431256(+)_zeroshot_prediction,hek_csv,pos,S,S
ENST00000534099:8127084-8127204(+)_zeroshot_prediction,hek_csv,pos,I,I
ENST00000316660:57567195-57567315(+)_zeroshot_prediction,hek_csv,pos,M,M
ENST00000644546:24653470-24653590(-)_zeroshot_prediction,hek_csv,pos,S,S
ENST00000453571:47303989-47304109(+)_zeroshot_prediction,hek_csv,pos,H,H
ENST00000373825:35801575-35801695(-)_zeroshot_prediction,hek_csv,pos,I,I
ENST00000444129:21654230-21654350(-)_zeroshot_prediction,hek_csv,pos,I,I
ENST00000333055:180217798-180217918(-)_zeroshot_prediction,hek_csv,pos,E,E
ENST00000418132:38328008-38328128(+)_zeroshot_prediction,hek_csv,pos,H,H
ENST00000401507:61682657-61682777(+)_zeroshot_prediction,hek_csv,pos,H,H
ENST00000369016:150597908-150598028(-)_zeroshot_prediction,hek_csv,pos,M,M
ENST00000538758:8931956-8932076(+)_zeroshot_prediction,hek_csv,pos,E,E
ENST00000444368:7008361-7008481(+)_zeroshot_prediction,hek_csv,pos,H,H
ENST00000554590:75201930-75202050(+)_zeroshot_prediction,hek_csv,pos,H,H
ENST00000691309:91741784-91741904(-)_zeroshot_prediction,hek_csv,pos,H,H
ENST00000456471:73043956-73044076(-)_zeroshot_prediction,hek_csv,pos,I,I
ENST00000558455:52203175-52203295(+)_zeroshot_prediction,hek_csv,pos,H,H
ENST00000357692:67436540-67436660(+)_zeroshot_prediction,hek_csv,pos,I,I
ENST00000288022:69362518-69362638(-)_zeroshot_prediction,hek_csv,pos,I,I
ENST00000234875:6245969-6246089(-)_zeroshot_prediction,hek_csv,pos,E,E
ENST00000479235:46093296-46093416(-)_zeroshot_prediction,hek_csv,pos,H,H
ENST00000381151:35445857-35445977(+)_zeroshot_prediction,hek_csv,pos,H,H
ENST00000239944:150261841-150261961(-)_zeroshot_prediction,hek_csv,pos,H,H
ENST00000254636:86406580-86406700(-)_zeroshot_prediction,hek_csv,pos,E,E
ENST00000600480:6413222-6413342(-)_zeroshot_prediction,hek_csv,pos,S,S
ENST00000635728:207024314-207024434(+)_zeroshot_prediction,hek_csv,pos,S,S
ENST00000431643:2400349-2400469(+)_zeroshot_prediction,hek_csv,pos,H,H
ENST00000496260:100466333-100466453(+)_zeroshot_prediction,hek_csv,pos,E,E
ENST00000349703:39290085-39290205(-)_zeroshot_prediction,hek_csv,pos,E,E
ENST00000436783:40459998-40460118(+)_zeroshot_prediction,hek_csv,pos,I,I
ENST00000375068:54834796-54834916(+)_zeroshot_prediction,hek_csv,pos,H,H
ENST00000373511:128347938-128348058(-)_zeroshot_prediction,hek_csv,pos,H,H
ENST00000322954:70959914-70960034(-)_zeroshot_prediction,hek_csv,pos,E,E
ENST00000318522:42556969-42557089(+)_zeroshot_prediction,hek_csv,pos,H,H
ENST00000619695:2966531-2966651(-)_zeroshot_prediction,hek_csv,pos,H,H
ENST00000344924:134364318-134364438(+)_zeroshot_prediction,hek_csv,pos,H,H
ENST00000525007:45682665-45682785(+)_zeroshot_prediction,hek_csv,pos,H,H
ENST00000527397:66043897-66044017(+)_zeroshot_prediction,hek_csv,pos,I,I
ENST00000423941:48681704-48681824(+)_zeroshot_prediction,hek_csv,pos,S,S
ENST00000358495:1023153-1023273(-)_zeroshot_prediction,hek_csv,pos,H,H
ENST00000252015:33590386-33590506(-)_zeroshot_prediction,hek_csv,pos,M,M
ENST00000335350:73061539-73061659(+)_zeroshot_prediction,hek_csv,pos,M,M
ENST00000353411:133512576-133512696(-)_zeroshot_prediction,hek_csv,pos,H,H
ENST00000672429:75960513-75960633(+)_zeroshot_prediction,hek_csv,pos,M,M
ENST00000470840:131152751-131152871(+)_zeroshot_prediction,hek_csv,pos,E,E
ENST00000308159:56872808-56872928(+)_zeroshot_prediction,hek_csv,pos,H,H
ENST00000409613:233547276-233547396(+)_zeroshot_prediction,hek_csv,pos,H,H
ENST00000627408:1463059-1463179(-)_zeroshot_prediction,hek_csv,pos,M,M
ENST00000264995:131216990-131217110(-)_zeroshot_prediction,hek_csv,pos,H,H
ENST00000447092:50355501-50355621(-)_zeroshot_prediction,hek_csv,pos,I,I
ENST00000296511:122618070-122618190(-)_zeroshot_prediction,hek_csv,pos,H,H
ENST00000500704:99956597-99956717(-)_zeroshot_prediction,hek_csv,pos,H,H
ENST00000338970:40499401-40499521(+)_zeroshot_prediction,hek_csv,pos,H,H
ENST00000371856:47770529-47770649(-)_zeroshot_prediction,hek_csv,pos,H,H
ENST00000458269:202344908-202345028(+)_zeroshot_prediction,hek_csv,pos,H,H
ENST00000680141:9598686-9598806(+)_zeroshot_prediction,hek_csv,pos,H,H
ENST00000262056:53421897-53422017(+)_zeroshot_prediction,hek_csv,pos,H,H
ENST00000525403:4113678-4113798(+)_zeroshot_prediction,hek_csv,pos,I,I
ENST00000533196:6415814-6415934(+)_zeroshot_prediction,hek_csv,pos,E,E
ENST00000302216:89077124-89077244(+)_zeroshot_prediction,hek_csv,pos,I,I
ENST00000642555:42981039-42981159(-)_zeroshot_prediction,hek_csv,pos,I,I
ENST00000269187:33706388-33706508(-)_zeroshot_prediction,hek_csv,pos,H,H
ENST00000688142:41368234-41368354(+)_zeroshot_prediction,hek_csv,pos,S,S
ENST00000323981:93466229-93466349(-)_zeroshot_prediction,hek_csv,pos,H,H
ENST00000360943:47004998-47005118(+)_zeroshot_prediction,hek_csv,pos,H,H
ENST00000416904:53582533-53582653(+)_zeroshot_prediction,hek_csv,pos,E,E
ENST00000320476:144894463-144894583(-)_zeroshot_prediction,hek_csv,pos,H,H
ENST00000368706:421-541(+)_zeroshot_prediction,pseudo_seq,pos,H,H
ENST00000268097:1560-1680(+)_zeroshot_prediction,pseudo_seq,pos,H,H
NM_002444:2859-2979(+)_zeroshot_prediction,pseudo_seq,pos,H,H
NM_016297:4955-5075(+)_zeroshot_prediction,pseudo_seq,pos,H,H
NM_001029:75-195(+)_zeroshot_prediction,pseudo_seq,pos,H,H
NM_173614.4:2743.5-2863.5(+)_zeroshot_prediction,hk_qp,neg,E,E
NM_173614.4:769.5-889.5(+)_zeroshot_prediction,hk_qp,neg,H,H
NM_001323982.2:605.5-725.5(+)_zeroshot_prediction,hk_qp,neg,H,H
NM_003754.3:272-392(+)_zeroshot_prediction,hk_qp,neg,H,H
NM_004747.4:1659.5-1779.5(+)_zeroshot_prediction,hk_qp,neg,H,H
NM_004385.5:10188.5-10308.5(+)_zeroshot_prediction,hk_qp,neg,H,H
NM_001042616.3:520.5-640.5(+)_zeroshot_prediction,hk_qp,neg,H,H
NM_004322.3:885-1005(+)_zeroshot_prediction,hk_qp,neg,H,H
NM_001365480.1:412.5-532.5(+)_zeroshot_prediction,hk_qp,neg,H,H
NM_001089.3:598.5-718.5(+)_zeroshot_prediction,hk_qp,neg,H,H
NM_001163484.2:40-160(+)_zeroshot_prediction,hk_qp,neg,I,I
NM_012383.5:217-337(+)_zeroshot_prediction,hk_qp,neg,H,H
NM_014287.4:2817.5-2937.5(+)_zeroshot_prediction,hk_qp,neg,E,E
NM_024294.4:1499-1619(+)_zeroshot_prediction,hk_qp,neg,H,H
NM_001260506.2:820.5-940.5(+)_zeroshot_prediction,hk_qp,neg,H,H
NM_001276252.2:3037-3157(+)_zeroshot_prediction,hk_qp,neg,H,H
NM_033198.4:740-860(+)_zeroshot_prediction,hk_qp,neg,H,H
NM_000980.4:187-307(+)_zeroshot_prediction,hk_qp,neg,H,H
NM_003920.5:176.5-296.5(+)_zeroshot_prediction,hk_qp,neg,S,S
NM_023934.4:175-295(+)_zeroshot_prediction,hk_qp,neg,H,H
NM_006265.3:329.5-449.5(+)_zeroshot_prediction,hk_qp,neg,H,H
NM_002265.6:1234.5-1354.5(+)_zeroshot_prediction,hk_qp,neg,E,E
NM_012423.4:396.5-516.5(+)_zeroshot_prediction,hk_qp,neg,H,H
NM_006904.7:1997-2117(+)_zeroshot_prediction,hk_qp,neg,H,H
NM_182852.4:1229-1349(+)_zeroshot_prediction,hk_qp,neg,H,H
NM_001198719.2:856-976(+)_zeroshot_prediction,hk_qp,neg,H,H
NM_181716.3:492-612(+)_zeroshot_prediction,hk_qp,neg,B,B
NM_207346.3:244.5-364.5(+)_zeroshot_prediction,hk_qp,neg,H,H
NM_001324120.2:2323.5-2443.5(+)_zeroshot_prediction,hk_qp,neg,I,I
NM_001393436.1:933.5-1053.5(+)_zeroshot_prediction,hk_qp,neg,H,H
NM_001350989.2:979-1099(+)_zeroshot_prediction,hk_qp,neg,H,H
NM_020385.4:1252.5-1372.5(+)_zeroshot_prediction,hk_qp,neg,H,H
NM_003329.4:186-306(+)_zeroshot_prediction,hk_qp,neg,H,H
NM_001384434.1:910.5-1030.5(+)_zeroshot_prediction,hk_qp,neg,H,H
NM_005016.6:1794.5-1914.5(+)_zeroshot_prediction,hk_qp,neg,H,H
NM_001272095.1:410.5-530.5(+)_zeroshot_prediction,hk_qp,neg,H,H
NM_001258438.2:201.5-321.5(+)_zeroshot_prediction,hk_qp,neg,H,H
NM_003316.4:5319-5439(+)_zeroshot_prediction,hk_qp,neg,I,I
NM_001291476.2:5022-5142(+)_zeroshot_prediction,hk_qp,neg,H,H
NM_006409.4:377.5-497.5(+)_zeroshot_prediction,hk_qp,neg,H,H
NM_001003828.3:492-612(+)_zeroshot_prediction,hk_qp,neg,M,M
NM_001317956.2:635.5-755.5(+)_zeroshot_prediction,hk_qp,neg,H,H
NM_001365809.2:3824.5-3944.5(+)_zeroshot_prediction,hk_qp,neg,H,H
NM_001362914.2:822.5-942.5(+)_zeroshot_prediction,hk_qp,neg,H,H
NM_002014.4:2140.5-2260.5(+)_zeroshot_prediction,hk_qp,neg,H,H
NM_003325.4:3016-3136(+)_zeroshot_prediction,hk_qp,neg,H,H
NM_001134415.1:1553.5-1673.5(+)_zeroshot_prediction,hk_qp,neg,H,H
NM_001659.3:1550.5-1670.5(+)_zeroshot_prediction,hk_qp,neg,I,I
NM_006793.5:801.5-921.5(+)_zeroshot_prediction,hk_qp,neg,H,H
NM_001080463.2:4524-4644(+)_zeroshot_prediction,hk_qp,neg,H,H
NM_001374295.1:750-870(+)_zeroshot_prediction,hk_qp,neg,E,E
NM_001030001.4:46.5-166.5(+)_zeroshot_prediction,hk_qp,neg,H,H
NM_013291.3:369-489(+)_zeroshot_prediction,hk_qp,neg,H,H
NM_176787.5:756-876(+)_zeroshot_prediction,hk_qp,neg,E,E
NM_001679.4:235.5-355.5(+)_zeroshot_prediction,hk_qp,neg,H,H
NM_001520.4:856-976(+)_zeroshot_prediction,hk_qp,neg,H,H
NM_005629.4:1505-1625(+)_zeroshot_prediction,hk_qp,neg,H,H
NM_020956.2:2891.5-3011.5(+)_zeroshot_prediction,hk_qp,neg,H,H
NM_033251.2:763.5-883.5(+)_zeroshot_prediction,hk_qp,neg,H,H
NM_001114120.3:4208-4328(+)_zeroshot_prediction,hk_qp,neg,H,H
NM_001323072.2:1378.5-1498.5(+)_zeroshot_prediction,hk_qp,neg,I,I
NM_001392070.1:1407-1527(+)_zeroshot_prediction,hk_qp,neg,H,H
NM_001193495.2:2286.5-2406.5(+)_zeroshot_prediction,hk_qp,neg,I,I
NM_002786.4:29-149(+)_zeroshot_prediction,hk_qp,neg,I,I
NM_012268.4:1558-1678(+)_zeroshot_prediction,hk_qp,neg,H,H
NM_001846.4:4787.5-4907.5(+)_zeroshot_prediction,hk_qp,neg,H,H
NM_001923.5:2938-3058(+)_zeroshot_prediction,hk_qp,neg,H,H
NM_001143762.2:725-845(+)_zeroshot_prediction,hk_qp,neg,E,E
NM_018206.6:4730.5-4850.5(+)_zeroshot_prediction,hk_qp,neg,H,H
NM_006012.4:400-520(+)_zeroshot_prediction,hk_qp,neg,H,H
NM_001320642.1:1534-1654(+)_zeroshot_prediction,hk_qp,neg,E,E
NM_024646.3:5711.5-5831.5(+)_zeroshot_prediction,hk_qp,neg,H,H
NM_001199142.1:1593-1713(+)_zeroshot_prediction,hk_qp,neg,E,E
NM_014997.4:1086.5-1206.5(+)_zeroshot_prediction,hk_qp,neg,H,H
NM_017907.3:575-695(+)_zeroshot_prediction,hk_qp,neg,E,E
NM_007027.4:1997-2117(+)_zeroshot_prediction,hk_qp,neg,S,S
NM_002629.4:638-758(+)_zeroshot_prediction,hk_qp,neg,H,H
NM_025009.5:3475.5-3595.5(+)_zeroshot_prediction,hk_qp,neg,E,E
NM_153812.3:3148.5-3268.5(+)_zeroshot_prediction,hk_qp,neg,H,H
NM_001304452.2:478-598(+)_zeroshot_prediction,hk_qp,neg,H,H
NM_001135653.2:1372-1492(+)_zeroshot_prediction,hk_qp,neg,H,H
NM_145167.3:6629.5-6749.5(+)_zeroshot_prediction,hk_qp,neg,H,H
NM_030790.5:860.5-980.5(+)_zeroshot_prediction,hk_qp,neg,H,H
NM_001257134.2:479.5-599.5(+)_zeroshot_prediction,hk_qp,neg,E,E
NM_004343.4:927-1047(+)_zeroshot_prediction,hk_qp,neg,H,H
NM_004152.3:208-328(+)_zeroshot_prediction,hk_qp,neg,H,H
NM_024594.4:1431-1551(+)_zeroshot_prediction,hk_qp,neg,I,I
NM_145901.3:2027-2147(+)_zeroshot_prediction,hk_qp,neg,I,I
NM_013448.3:5015.5-5135.5(+)_zeroshot_prediction,hk_qp,neg,E,E
NM_020137.5:82.5-202.5(+)_zeroshot_prediction,hk_qp,neg,H,H
NM_015704.3:2796-2916(+)_zeroshot_prediction,hk_qp,neg,H,H
NM_199184.2:670.5-790.5(+)_zeroshot_prediction,hk_qp,neg,S,S
NM_020451.3:3876-3996(+)_zeroshot_prediction,hk_qp,neg,H,H
NM_001286167.3:1095-1215(+)_zeroshot_prediction,hk_qp,neg,H,H
NM_001142285.2:32.5-152.5(+)_zeroshot_prediction,hk_qp,neg,E,E
NM_018407.6:511.5-631.5(+)_zeroshot_prediction,hk_qp,neg,I,I
NM_021927.3:1690-1810(+)_zeroshot_prediction,hk_qp,neg,S,S
NM_001323414.2:419.5-539.5(+)_zeroshot_prediction,hk_qp,neg,I,I
NM_001293180.2:946-1066(+)_zeroshot_prediction,hk_qp,neg,H,H
NM_001243042.1:1455.5-1575.5(+)_zeroshot_prediction,hk_qp,neg,M,M
NM_006461.4:3581.5-3701.5(+)_zeroshot_prediction,hk_qp,neg,H,H
NM_001375485.1:1128-1248(+)_zeroshot_prediction,hk_qp,neg,H,H
NM_199184.2:588.5-708.5(+)_zeroshot_prediction,hk_qp,neg,H,H
NM_001365999.1:10768.5-10888.5(+)_zeroshot_prediction,hk_qp,neg,H,H
NM_001205262.3:264-384(+)_zeroshot_prediction,hk_qp,neg,H,H
NM_001173516.1:2888.5-3008.5(+)_zeroshot_prediction,hk_qp,neg,E,E
NM_001769.4:525-645(+)_zeroshot_prediction,hk_qp,neg,H,H
NM_001368865.1:1950-2070(+)_zeroshot_prediction,hk_qp,neg,H,H
NM_001369660.1:1372.5-1492.5(+)_zeroshot_prediction,hk_qp,neg,S,S
NM_003904.5:1081-1201(+)_zeroshot_prediction,hk_qp,neg,E,E
NM_014708.6:4680.5-4800.5(+)_zeroshot_prediction,hk_qp,neg,H,H
NM_025250.3:3831.5-3951.5(+)_zeroshot_prediction,hk_qp,neg,H,H
NM_001317122.2:3706.5-3826.5(+)_zeroshot_prediction,hk_qp,neg,H,H
NM_017801.3:1486.5-1606.5(+)_zeroshot_prediction,hk_qp,neg,H,H
NM_001206897.2:2532-2652(+)_zeroshot_prediction,hk_qp,neg,H,H
NM_001376.5:10697-10817(+)_zeroshot_prediction,hk_qp,neg,H,H
NM_013271.5:610.5-730.5(+)_zeroshot_prediction,hk_qp,neg,H,H
NM_001164.5:1172-1292(+)_zeroshot_prediction,hk_qp,neg,H,H
NM_021249.5:434.5-554.5(+)_zeroshot_prediction,hk_qp,neg,I,I
NM_000126.4:610-730(+)_zeroshot_prediction,hk_qp,neg,E,E
NM_173832.6:3228-3348(+)_zeroshot_prediction,hk_qp,neg,H,H
NM_018188.5:900.5-1020.5(+)_zeroshot_prediction,hk_qp,neg,H,H
NM_033656.4:16184.5-16304.5(+)_zeroshot_prediction,hk_qp,neg,H,H
NM_001012.2:165-285(+)_zeroshot_prediction,hk_qp,neg,H,H
NM_006208.3:1150-1270(+)_zeroshot_prediction,hk_qp,neg,I,I
NM_212482.4:1747.5-1867.5(+)_zeroshot_prediction,hk_qp,neg,H,H
NM_001270448.2:1444-1564(+)_zeroshot_prediction,hk_qp,neg,H,H
NM_001080825.2:862.5-982.5(+)_zeroshot_prediction,hk_qp,neg,H,H
NM_000402.4:900-1020(+)_zeroshot_prediction,hk_qp,neg,I,I
NM_001199629.2:534.5-654.5(+)_zeroshot_prediction,hk_qp,neg,H,H
NM_006516.4:1949.5-2069.5(+)_zeroshot_prediction,hk_qp,neg,I,I
NM_002117.6:1411.5-1531.5(+)_zeroshot_prediction,hk_qp,neg,M,M
NM_002355.4:931-1051(+)_zeroshot_prediction,hk_qp,neg,M,M
NM_006445.4:3860-3980(+)_zeroshot_prediction,hk_qp,neg,H,H
NM_001300821.3:1447.5-1567.5(+)_zeroshot_prediction,hk_qp,neg,E,E
NM_000660.7:1237-1357(+)_zeroshot_prediction,hk_qp,neg,E,E
NM_001330575.2:1443-1563(+)_zeroshot_prediction,hk_qp,neg,H,H
NM_001135101.3:1392-1512(+)_zeroshot_prediction,hk_qp,neg,I,I
NM_014865.4:3804.5-3924.5(+)_zeroshot_prediction,hk_qp,neg,M,M
NM_015503.3:3810.5-3930.5(+)_zeroshot_prediction,hk_qp,neg,H,H
NM_001135653.2:1980.5-2100.5(+)_zeroshot_prediction,hk_qp,neg,H,H
NM_001316325.2:3099.5-3219.5(+)_zeroshot_prediction,hk_qp,neg,H,H
NM_001303625.1:839-959(+)_zeroshot_prediction,hk_qp,neg,H,H
NM_031243.3:504-624(+)_zeroshot_prediction,hk_qp,neg,E,E
NM_001078177.2:1266-1386(+)_zeroshot_prediction,hk_qp,neg,H,H
NM_058004.4:2785-2905(+)_zeroshot_prediction,hk_qp,neg,H,H
NM_001363686.2:1538.5-1658.5(+)_zeroshot_prediction,hk_qp,neg,H,H
NM_018346.3:1927-2047(+)_zeroshot_prediction,hk_qp,neg,I,I
NM_001100619.3:714.5-834.5(+)_zeroshot_prediction,hk_qp,neg,I,I
NM_032900.6:4618-4738(+)_zeroshot_prediction,hk_qp,neg,H,H
NM_003756.3:103-223(+)_zeroshot_prediction,hk_qp,neg,I,I
NM_001318784.2:4925.5-5045.5(+)_zeroshot_prediction,hk_qp,neg,H,H
NM_005669.5:2680-2800(+)_zeroshot_prediction,hk_qp,neg,I,I
NM_001290050.2:3459.5-3579.5(+)_zeroshot_prediction,hk_qp,neg,H,H
NM_001271970.2:483.5-603.5(+)_zeroshot_prediction,hk_qp,neg,H,H
NM_001330200.1:426.5-546.5(+)_zeroshot_prediction,hk_qp,neg,M,M
NM_001159677.2:1228.5-1348.5(+)_zeroshot_prediction,hk_qp,neg,H,H
NM_022039.4:1383-1503(+)_zeroshot_prediction,hk_qp,neg,H,H
NM_005481.3:1186.5-1306.5(+)_zeroshot_prediction,hk_qp,neg,H,H
NM_002079.3:318-438(+)_zeroshot_prediction,hk_qp,neg,E,E
NM_012268.4:364-484(+)_zeroshot_prediction,hk_qp,neg,H,H
NM_003088.4:2083-2203(+)_zeroshot_prediction,hk_qp,neg,B,B
NM_012343.4:1005.5-1125.5(+)_zeroshot_prediction,hk_qp,neg,E,E
NM_004450.3:588.5-708.5(+)_zeroshot_prediction,hk_qp,neg,H,H
NM_001276252.2:3137-3257(+)_zeroshot_prediction,hk_qp,neg,I,I
NM_003338.5:695-815(+)_zeroshot_prediction,hk_qp,neg,H,H
NM_130443.4:1569-1689(+)_zeroshot_prediction,hk_qp,neg,I,I
NM_006289.4:7116-7236(+)_zeroshot_prediction,hk_qp,neg,M,M
NM_001127393.2:481-601(+)_zeroshot_prediction,hk_qp,neg,I,I
NM_001267699.2:242-362(+)_zeroshot_prediction,hk_qp,neg,I,I
NM_001271818.2:3509.5-3629.5(+)_zeroshot_prediction,hk_qp,neg,S,S
NM_014014.5:2.5-122.5(+)_zeroshot_prediction,hk_qp,neg,H,H
NM_004298.4:6645.5-6765.5(+)_zeroshot_prediction,hk_qp,neg,H,H
NM_001024924.2:1345.5-1465.5(+)_zeroshot_prediction,hk_qp,neg,H,H
NM_015382.4:8374.5-8494.5(+)_zeroshot_prediction,hk_qp,neg,H,H
NM_001918.5:4500.5-4620.5(+)_zeroshot_prediction,hk_qp,neg,H,H
NM_001394821.1:3564-3684(+)_zeroshot_prediction,hk_qp,neg,I,I
NM_001351277.2:5259-5379(+)_zeroshot_prediction,hk_qp,neg,S,S
NM_130444.3:3026-3146(+)_zeroshot_prediction,hk_qp,neg,H,H
NM_001079515.3:721.5-841.5(+)_zeroshot_prediction,hk_qp,neg,H,H
NM_053275.4:688.5-808.5(+)_zeroshot_prediction,hk_qp,neg,I,I
NM_004374.4:370.5-490.5(+)_zeroshot_prediction,hk_qp,neg,I,I
NM_006597.6:564.5-684.5(+)_zeroshot_prediction,hk_qp,neg,H,H
NM_001278352.2:4159.5-4279.5(+)_zeroshot_prediction,hk_qp,neg,E,E
NM_001009954.3:563.5-683.5(+)_zeroshot_prediction,hk_qp,neg,H,H
NM_018085.5:1278-1398(+)_zeroshot_prediction,hk_qp,neg,H,H
NM_013291.3:789-909(+)_zeroshot_prediction,hk_qp,neg,H,H
NM_025138.5:2803.5-2923.5(+)_zeroshot_prediction,hk_qp,neg,H,H
NM_018407.6:190.5-310.5(+)_zeroshot_prediction,hk_qp,neg,S,S
NM_138635.3:384.5-504.5(+)_zeroshot_prediction,hk_qp,neg,H,H
NM_001271978.2:759.5-879.5(+)_zeroshot_prediction,hk_qp,neg,H,H
NM_001136557.2:995-1115(+)_zeroshot_prediction,hk_qp,neg,H,H
NM_024955.6:792-912(+)_zeroshot_prediction,hk_qp,neg,E,E
NM_017645.5:1906.5-2026.5(+)_zeroshot_prediction,hk_qp,neg,M,M
NM_024333.3:240.5-360.5(+)_zeroshot_prediction,hk_qp,neg,S,S
NM_022761.3:206-326(+)_zeroshot_prediction,hk_qp,neg,S,S
NM_005907.4:1262-1382(+)_zeroshot_prediction,hk_qp,neg,H,H
NM_001256264.2:2255.5-2375.5(+)_zeroshot_prediction,hk_qp,neg,H,H
NM_148179.3:643.5-763.5(+)_zeroshot_prediction,hk_qp,neg,H,H
NM_001688.5:561.5-681.5(+)_zeroshot_prediction,hk_qp,neg,E,E
NM_002355.4:1444.5-1564.5(+)_zeroshot_prediction,hk_qp,neg,H,H
NM_001320611.2:973-1093(+)_zeroshot_prediction,hk_qp,neg,H,H
NM_001127.4:1107-1227(+)_zeroshot_prediction,hk_qp,neg,H,H
NM_014014.5:2835-2955(+)_zeroshot_prediction,hk_qp,neg,E,E
NM_002525.3:1286-1406(+)_zeroshot_prediction,hk_qp,neg,H,H
NM_014746.6:2287.5-2407.5(+)_zeroshot_prediction,hk_qp,neg,H,H
NM_001321149.2:1363.5-1483.5(+)_zeroshot_prediction,hk_qp,neg,E,E
NM_002817.4:155-275(+)_zeroshot_prediction,hk_qp,neg,H,H
NM_001375485.1:1694.5-1814.5(+)_zeroshot_prediction,hk_qp,neg,S,S
NM_001364929.1:4081.5-4201.5(+)_zeroshot_prediction,hk_qp,neg,I,I
NM_001322349.2:2369-2489(+)_zeroshot_prediction,hk_qp,neg,S,S
NM_001330306.2:1776.5-1896.5(+)_zeroshot_prediction,hk_qp,neg,H,H
NM_001014795.3:1236-1356(+)_zeroshot_prediction,hk_qp,neg,H,H
NM_001394015.1:9848.5-9968.5(+)_zeroshot_prediction,hk_qp,neg,H,H
NM_001364330.2:1635.5-1755.5(+)_zeroshot_prediction,hk_qp,neg,H,H
NM_019059.5:169-289(+)_zeroshot_prediction,hk_qp,neg,E,E
NM_015335.5:6960.5-7080.5(+)_zeroshot_prediction,hk_qp,neg,H,H
NM_001322495.1:1664.5-1784.5(+)_zeroshot_prediction,hk_qp,neg,H,H
NM_001363577.2:2554.5-2674.5(+)_zeroshot_prediction,hk_qp,neg,H,H
NM_001165414.2:1193-1313(+)_zeroshot_prediction,hk_qp,neg,I,I
NM_000788.3:608-728(+)_zeroshot_prediction,hk_qp,neg,H,H
NM_001320724.2:1162.5-1282.5(+)_zeroshot_prediction,hk_qp,neg,I,I
NM_014287.4:843.5-963.5(+)_zeroshot_prediction,hk_qp,neg,H,H
NM_001190826.2:2439.5-2559.5(+)_zeroshot_prediction,hk_qp,neg,H,H
NM_002809.4:381.5-501.5(+)_zeroshot_prediction,hk_qp,neg,H,H
NM_001013257.2:317-437(+)_zeroshot_prediction,hk_qp,neg,H,H
NM_020160.3:57.5-177.5(+)_zeroshot_prediction,hk_qp,neg,B,B
NM_018269.4:640-760(+)_zeroshot_prediction,hk_qp,neg,H,H
NM_021174.6:561-681(+)_zeroshot_prediction,hk_qp,neg,H,H
NM_000127.3:1147.5-1267.5(+)_zeroshot_prediction,hk_qp,neg,H,H
NM_000262.3:1231-1351(+)_zeroshot_prediction,hk_qp,neg,H,H
NM_012383.5:160.5-280.5(+)_zeroshot_prediction,hk_qp,neg,H,H
NM_006963.5:370.5-490.5(+)_zeroshot_prediction,hk_qp,neg,H,H
NM_018083.5:190-310(+)_zeroshot_prediction,hk_qp,neg,H,H
NM_001322487.2:1683-1803(+)_zeroshot_prediction,hk_qp,neg,H,H
NM_003816.3:1645.5-1765.5(+)_zeroshot_prediction,hk_qp,neg,M,M
NM_006156.3:434.5-554.5(+)_zeroshot_prediction,hk_qp,neg,H,H
NM_016343.4:4526.5-4646.5(+)_zeroshot_prediction,hk_qp,neg,S,S
NM_001008938.4:2281-2401(+)_zeroshot_prediction,hk_qp,neg,I,I
NM_000548.5:2781-2901(+)_zeroshot_prediction,hk_qp,neg,M,M
NM_015529.4:1061.5-1181.5(+)_zeroshot_prediction,hk_qp,neg,H,H
NM_017750.4:2227.5-2347.5(+)_zeroshot_prediction,hk_qp,neg,H,H
NM_002857.4:497-617(+)_zeroshot_prediction,hk_qp,neg,M,M
NM_001013649.4:884.5-1004.5(+)_zeroshot_prediction,hk_qp,neg,H,H
NM_001085454.2:353-473(+)_zeroshot_prediction,hk_qp,neg,I,I
NM_018457.4:88.5-208.5(+)_zeroshot_prediction,hk_qp,neg,H,H
NM_014390.4:2385-2505(+)_zeroshot_prediction,hk_qp,neg,I,I
NM_001323563.2:739.5-859.5(+)_zeroshot_prediction,hk_qp,neg,H,H
NM_004096.5:840.5-960.5(+)_zeroshot_prediction,hk_qp,neg,I,I
NM_025138.5:1603.5-1723.5(+)_zeroshot_prediction,hk_qp,neg,S,S
NM_007235.6:6029.5-6149.5(+)_zeroshot_prediction,hk_qp,neg,H,H
NM_003795.6:236.5-356.5(+)_zeroshot_prediction,hk_qp,neg,H,H
NM_001039802.2:1097.5-1217.5(+)_zeroshot_prediction,hk_qp,neg,H,H
NM_000021.4:1433.5-1553.5(+)_zeroshot_prediction,hk_qp,neg,E,E
NM_199440.2:2098.5-2218.5(+)_zeroshot_prediction,hk_qp,neg,H,H
NM_015340.4:1759.5-1879.5(+)_zeroshot_prediction,hk_qp,neg,H,H
NM_016101.5:1032.5-1152.5(+)_zeroshot_prediction,hk_qp,neg,H,H
NM_152663.5:1363.5-1483.5(+)_zeroshot_prediction,hk_qp,neg,I,I
NM_016091.4:933-1053(+)_zeroshot_prediction,hk_qp,neg,I,I
NM_000168.6:7017.5-7137.5(+)_zeroshot_prediction,hk_qp,neg,B,B
NM_004551.3:280.5-400.5(+)_zeroshot_prediction,hk_qp,neg,I,I
NM_005898.5:3836.5-3956.5(+)_zeroshot_prediction,hk_qp,neg,E,E
NM_001364727.2:5638-5758(+)_zeroshot_prediction,hk_qp,neg,I,I
NM_003750.4:530.5-650.5(+)_zeroshot_prediction,hk_qp,neg,H,H
NM_001204056.1:6813.5-6933.5(+)_zeroshot_prediction,hk_qp,neg,H,H
NM_001371189.2:14348.5-14468.5(+)_zeroshot_prediction,hk_qp,neg,H,H
NM_004336.5:2974-3094(+)_zeroshot_prediction,hk_qp,neg,I,I
NM_001372095.1:4903-5023(+)_zeroshot_prediction,hk_qp,neg,I,I
NM_015028.4:547.5-667.5(+)_zeroshot_prediction,hk_qp,neg,H,H
NM_002979.5:1326.5-1446.5(+)_zeroshot_prediction,hk_qp,neg,H,H
NM_170665.4:2905.5-3025.5(+)_zeroshot_prediction,hk_qp,neg,H,H
NM_004814.3:900-1020(+)_zeroshot_prediction,hk_qp,neg,E,E
NM_001110556.2:4936-5056(+)_zeroshot_prediction,hk_qp,neg,H,H
NM_016101.5:234-354(+)_zeroshot_prediction,hk_qp,neg,E,E
NM_006836.2:5904-6024(+)_zeroshot_prediction,hk_qp,neg,S,S
NM_015975.5:2375.5-2495.5(+)_zeroshot_prediction,hk_qp,neg,H,H
NM_015907.3:1688-1808(+)_zeroshot_prediction,hk_qp,neg,H,H
NM_003816.3:1649-1769(+)_zeroshot_prediction,hk_qp,neg,S,S
NM_014865.4:2672-2792(+)_zeroshot_prediction,hk_qp,neg,M,M
NM_001347733.2:3043.5-3163.5(+)_zeroshot_prediction,hk_qp,neg,S,S
NM_012383.5:496-616(+)_zeroshot_prediction,hk_qp,neg,M,M
NM_002812.5:1256-1376(+)_zeroshot_prediction,hk_qp,neg,H,H
NM_001079559.3:1304.5-1424.5(+)_zeroshot_prediction,hk_qp,neg,E,E
NM_030755.5:310-430(+)_zeroshot_prediction,hk_qp,neg,S,S
NM_014008.5:1858.5-1978.5(+)_zeroshot_prediction,hk_qp,neg,H,H
NM_199141.2:1268.5-1388.5(+)_zeroshot_prediction,hk_qp,neg,M,M
NM_006546.4:6226.5-6346.5(+)_zeroshot_prediction,hk_qp,neg,H,H
NM_018230.3:2224.5-2344.5(+)_zeroshot_prediction,hk_qp,neg,S,S
NM_023015.5:1284-1404(+)_zeroshot_prediction,hk_qp,neg,H,H
NM_001363758.2:270.5-390.5(+)_zeroshot_prediction,hk_qp,neg,H,H
NM_032815.4:2239-2359(+)_zeroshot_prediction,hk_qp,neg,I,I
NM_001256534.2:390.5-510.5(+)_zeroshot_prediction,hk_qp,neg,H,H
NM_006389.5:2560.5-2680.5(+)_zeroshot_prediction,hk_qp,neg,S,S
NM_001037738.3:219.5-339.5(+)_zeroshot_prediction,hk_qp,neg,H,H
NM_001323512.2:2734.5-2854.5(+)_zeroshot_prediction,hk_qp,neg,B,B
NM_005427.4:3887.5-4007.5(+)_zeroshot_prediction,hk_qp,neg,H,H
NM_005051.3:1265-1385(+)_zeroshot_prediction,hk_qp,neg,H,H
NM_019108.4:1602.5-1722.5(+)_zeroshot_prediction,hk_qp,neg,H,H
NM_002332.3:13423-13543(+)_zeroshot_prediction,hk_qp,neg,H,H
NM_001759.4:945-1065(+)_zeroshot_prediction,hk_qp,neg,H,H
NM_001271769.2:2541.5-2661.5(+)_zeroshot_prediction,hk_qp,neg,H,H
NM_001098507.2:480.5-600.5(+)_zeroshot_prediction,hk_qp,neg,H,H
NM_021090.4:1137.5-1257.5(+)_zeroshot_prediction,hk_qp,neg,H,H
NM_004541.4:141.5-261.5(+)_zeroshot_prediction,hk_qp,neg,H,H
NM_033625.4:244.5-364.5(+)_zeroshot_prediction,hk_qp,neg,H,H
NM_002794.5:573.5-693.5(+)_zeroshot_prediction,hk_qp,neg,H,H
NM_001355287.3:715-835(+)_zeroshot_prediction,hk_qp,neg,H,H
NM_022908.3:1380.5-1500.5(+)_zeroshot_prediction,hk_qp,neg,H,H
NM_001289789.1:621-741(+)_zeroshot_prediction,hk_qp,neg,I,I
NM_014674.3:549.5-669.5(+)_zeroshot_prediction,hk_qp,neg,E,E
NM_001171508.2:2642.5-2762.5(+)_zeroshot_prediction,hk_qp,neg,S,S
NM_016548.4:588-708(+)_zeroshot_prediction,hk_qp,neg,S,S
NM_031466.8:1904-2024(+)_zeroshot_prediction,hk_qp,neg,E,E
NM_001257335.2:1570.5-1690.5(+)_zeroshot_prediction,hk_qp,neg,I,I
NM_006406.2:556-676(+)_zeroshot_prediction,hk_qp,neg,S,S
NM_024518.3:859.5-979.5(+)_zeroshot_prediction,hk_qp,neg,S,S
NM_001278255.1:1677.5-1797.5(+)_zeroshot_prediction,hk_qp,neg,H,H
NM_001177.6:1397.5-1517.5(+)_zeroshot_prediction,hk_qp,neg,M,M
NM_014719.3:5415.5-5535.5(+)_zeroshot_prediction,hk_qp,neg,H,H
NM_001152.5:350-470(+)_zeroshot_prediction,hk_qp,neg,H,H
NM_001278513.3:912-1032(+)_zeroshot_prediction,hk_qp,neg,H,H
NM_001371189.2:9610.5-9730.5(+)_zeroshot_prediction,hk_qp,neg,H,H
NM_005629.4:1509-1629(+)_zeroshot_prediction,hk_qp,neg,H,H
NM_002337.4:243.5-363.5(+)_zeroshot_prediction,hk_qp,neg,H,H
NM_015194.3:4898-5018(+)_zeroshot_prediction,hk_qp,neg,I,I
NM_002862.4:894-1014(+)_zeroshot_prediction,hk_qp,neg,H,H
NM_012319.4:1035.5-1155.5(+)_zeroshot_prediction,hk_qp,neg,H,H
NM_001364300.2:1077-1197(+)_zeroshot_prediction,hk_qp,neg,H,H
NM_000548.5:311-431(+)_zeroshot_prediction,hk_qp,neg,H,H
NM_001254.4:1283.5-1403.5(+)_zeroshot_prediction,hk_qp,neg,H,H
NM_005207.4:484.5-604.5(+)_zeroshot_prediction,hk_qp,neg,H,H
NM_004844.5:569.5-689.5(+)_zeroshot_prediction,hk_qp,neg,I,I
NM_015503.3:3972.5-4092.5(+)_zeroshot_prediction,hk_qp,neg,H,H
NM_001017963.3:1243.5-1363.5(+)_zeroshot_prediction,hk_qp,neg,I,I
NM_006886.4:212-332(+)_zeroshot_prediction,hk_qp,neg,H,H
NM_001136134.1:3512.5-3632.5(+)_zeroshot_prediction,hk_qp,neg,H,H
NM_145249.3:538-658(+)_zeroshot_prediction,hk_qp,neg,I,I
NM_015055.4:2089.5-2209.5(+)_zeroshot_prediction,hk_qp,neg,E,E
NM_001320965.3:1199.5-1319.5(+)_zeroshot_prediction,hk_qp,neg,H,H
NM_005482.3:3361-3481(+)_zeroshot_prediction,hk_qp,neg,I,I
NM_001363829.1:3309-3429(+)_zeroshot_prediction,hk_qp,neg,H,H
NM_198398.2:254-374(+)_zeroshot_prediction,hk_qp,neg,H,H
NM_014043.4:447-567(+)_zeroshot_prediction,hk_qp,neg,I,I
NM_001329126.2:5839.5-5959.5(+)_zeroshot_prediction,hk_qp,neg,E,E
NM_007221.4:142.5-262.5(+)_zeroshot_prediction,hk_qp,neg,H,H
NM_003023.4:4558.5-4678.5(+)_zeroshot_prediction,hk_qp,neg,H,H
NM_000158.4:386.5-506.5(+)_zeroshot_prediction,hk_qp,neg,H,H
NM_032375.5:1776.5-1896.5(+)_zeroshot_prediction,hk_qp,neg,I,I
NM_021079.5:89-209(+)_zeroshot_prediction,hk_qp,neg,E,E
NM_181304.3:707.5-827.5(+)_zeroshot_prediction,hk_qp,neg,H,H
NM_001311311.2:255.5-375.5(+)_zeroshot_prediction,hk_qp,neg,H,H
NM_001319086.1:1335.5-1455.5(+)_zeroshot_prediction,hk_qp,neg,H,H
NM_001252127.2:1572.5-1692.5(+)_zeroshot_prediction,hk_qp,neg,H,H
NM_001365848.1:10596-10716(+)_zeroshot_prediction,hk_qp,neg,I,I
NM_001319295.2:1777.5-1897.5(+)_zeroshot_prediction,hk_qp,neg,B,B
NM_001363729.2:328.5-448.5(+)_zeroshot_prediction,hk_qp,neg,H,H
NM_024654.5:2546.5-2666.5(+)_zeroshot_prediction,hk_qp,neg,H,H
NM_018206.6:820-940(+)_zeroshot_prediction,hk_qp,neg,E,E
NM_003483.6:2234.5-2354.5(+)_zeroshot_prediction,hk_qp,neg,H,H
NM_031466.8:2128.5-2248.5(+)_zeroshot_prediction,hk_qp,neg,H,H
NM_001017963.3:1078-1198(+)_zeroshot_prediction,hk_qp,neg,H,H
NM_006836.2:5303-5423(+)_zeroshot_prediction,hk_qp,neg,H,H
NM_001322272.2:427.5-547.5(+)_zeroshot_prediction,hk_qp,neg,M,M
NM_006295.3:2956.5-3076.5(+)_zeroshot_prediction,hk_qp,neg,H,H
NM_001314077.2:2133-2253(+)_zeroshot_prediction,hk_qp,neg,I,I
NM_001324197.2:415.5-535.5(+)_zeroshot_prediction,hk_qp,neg,H,H
NM_001271938.2:7415-7535(+)_zeroshot_prediction,hk_qp,neg,H,H
NM_015425.6:7516.5-7636.5(+)_zeroshot_prediction,hk_qp,neg,H,H
NM_002789.6:486-606(+)_zeroshot_prediction,hk_qp,neg,H,H
NM_013236.4:1013-1133(+)_zeroshot_prediction,hk_qp,neg,H,H
NM_000990.5:120-240(+)_zeroshot_prediction,hk_qp,neg,I,I
NM_001393391.1:2161.5-2281.5(+)_zeroshot_prediction,hk_qp,neg,H,H
NM_004844.5:1747-1867(+)_zeroshot_prediction,hk_qp,neg,H,H
NM_213611.3:828-948(+)_zeroshot_prediction,hk_qp,neg,H,H
NM_001002762.5:2752-2872(+)_zeroshot_prediction,hk_qp,neg,H,H
NM_001253384.2:770.5-890.5(+)_zeroshot_prediction,hk_qp,neg,H,H
NM_012268.4:1513-1633(+)_zeroshot_prediction,hk_qp,neg,H,H
NM_003074.4:871-991(+)_zeroshot_prediction,hk_qp,neg,H,H
NM_014713.5:330.5-450.5(+)_zeroshot_prediction,hk_qp,neg,H,H
NM_001388492.1:5304.5-5424.5(+)_zeroshot_prediction,hk_qp,neg,E,E
NM_001166357.1:2096-2216(+)_zeroshot_prediction,hk_qp,neg,H,H
NM_020202.5:547.5-667.5(+)_zeroshot_prediction,hk_qp,neg,H,H
NM_015276.2:2782-2902(+)_zeroshot_prediction,hk_qp,neg,H,H
NM_001195124.3:813.5-933.5(+)_zeroshot_prediction,hk_qp,neg,H,H
NM_012142.5:1080-1200(+)_zeroshot_prediction,hk_qp,neg,H,H
NM_020648.6:2609.5-2729.5(+)_zeroshot_prediction,hk_qp,neg,H,H
NM_018842.5:1454.5-1574.5(+)_zeroshot_prediction,hk_qp,neg,M,M
NM_003747.3:9070.5-9190.5(+)_zeroshot_prediction,hk_qp,neg,S,S
NM_004181.5:339-459(+)_zeroshot_prediction,hk_qp,neg,I,I
NM_001349947.2:294.5-414.5(+)_zeroshot_prediction,hk_qp,neg,I,I
NM_004749.4:910-1030(+)_zeroshot_prediction,hk_qp,neg,H,H
NM_014944.4:4752.5-4872.5(+)_zeroshot_prediction,hk_qp,neg,H,H
NM_016091.4:432-552(+)_zeroshot_prediction,hk_qp,neg,I,I
NM_003076.5:874-994(+)_zeroshot_prediction,hk_qp,neg,M,M
NM_001172435.2:1298.5-1418.5(+)_zeroshot_prediction,hk_qp,neg,S,S
NM_002808.5:2040-2160(+)_zeroshot_prediction,hk_qp,neg,H,H
NM_004315.6:341.5-461.5(+)_zeroshot_prediction,hk_qp,neg,H,H
NM_212482.4:7573.5-7693.5(+)_zeroshot_prediction,hk_qp,neg,H,H
NM_018429.3:8867.5-8987.5(+)_zeroshot_prediction,hk_qp,neg,H,H
NM_000138.5:8580.5-8700.5(+)_zeroshot_prediction,hk_qp,neg,S,S
NM_032815.4:1507-1627(+)_zeroshot_prediction,hk_qp,neg,S,S
NM_012097.4:2176.5-2296.5(+)_zeroshot_prediction,hk_qp,neg,S,S
NM_001127393.2:576-696(+)_zeroshot_prediction,hk_qp,neg,H,H
NM_004531.5:861-981(+)_zeroshot_prediction,hk_qp,neg,H,H
NM_001151.4:739-859(+)_zeroshot_prediction,hk_qp,neg,M,M
NM_000690.4:994-1114(+)_zeroshot_prediction,hk_qp,neg,S,S
NM_003274.5:322.5-442.5(+)_zeroshot_prediction,hk_qp,neg,E,E
NM_005507.3:424.5-544.5(+)_zeroshot_prediction,hk_qp,neg,E,E
NM_080669.6:4567.5-4687.5(+)_zeroshot_prediction,hk_qp,neg,H,H
NM_001170634.1:2506.5-2626.5(+)_zeroshot_prediction,hk_qp,neg,H,H
NM_001165414.2:457-577(+)_zeroshot_prediction,hk_qp,neg,S,S
NM_144601.5:1014-1134(+)_zeroshot_prediction,hk_qp,neg,I,I
NM_001371970.1:1234.5-1354.5(+)_zeroshot_prediction,hk_qp,neg,I,I
NM_001012271.2:1614-1734(+)_zeroshot_prediction,hk_qp,neg,I,I
NM_004774.4:481.5-601.5(+)_zeroshot_prediction,hk_qp,neg,H,H
NM_001168254.2:611.5-731.5(+)_zeroshot_prediction,hk_qp,neg,H,H
NM_006112.4:633-753(+)_zeroshot_prediction,hk_qp,neg,H,H
NM_023034.2:4980.5-5100.5(+)_zeroshot_prediction,hk_qp,neg,H,H
NM_002439.5:2204-2324(+)_zeroshot_prediction,hk_qp,neg,H,H
NM_001204517.2:3334.5-3454.5(+)_zeroshot_prediction,hk_qp,neg,S,S
NM_152437.3:1518.5-1638.5(+)_zeroshot_prediction,hk_qp,neg,I,I
NM_018361.5:1920.5-2040.5(+)_zeroshot_prediction,hk_qp,neg,S,S
NM_031485.4:981.5-1101.5(+)_zeroshot_prediction,hk_qp,neg,H,H
NM_001321995.2:1468-1588(+)_zeroshot_prediction,hk_qp,neg,H,H
NM_000100.4:187.5-307.5(+)_zeroshot_prediction,hk_qp,neg,S,S
NM_001201480.2:777-897(+)_zeroshot_prediction,hk_qp,neg,E,E
NM_031243.3:1546-1666(+)_zeroshot_prediction,hk_qp,neg,E,E
NM_170665.4:2123-2243(+)_zeroshot_prediction,hk_qp,neg,E,E
NM_001353244.2:1398-1518(+)_zeroshot_prediction,hk_qp,neg,H,H
NM_001243768.2:562.5-682.5(+)_zeroshot_prediction,hk_qp,neg,H,H
NM_001376.5:7038-7158(+)_zeroshot_prediction,hk_qp,neg,E,E
NM_181489.6:2694.5-2814.5(+)_zeroshot_prediction,hk_qp,neg,H,H
NM_001286789.2:1271.5-1391.5(+)_zeroshot_prediction,hk_qp,neg,E,E
NM_001317238.2:1162.5-1282.5(+)_zeroshot_prediction,hk_qp,neg,H,H
NM_001306080.2:83.5-203.5(+)_zeroshot_prediction,hk_qp,neg,S,S
NM_001873.4:1123-1243(+)_zeroshot_prediction,hk_qp,neg,H,H
NM_201397.3:607.5-727.5(+)_zeroshot_prediction,hk_qp,neg,H,H
NM_032826.5:840.5-960.5(+)_zeroshot_prediction,hk_qp,neg,E,E
NM_001135663.2:747-867(+)_zeroshot_prediction,hk_qp,neg,H,H
NM_032287.3:4117.5-4237.5(+)_zeroshot_prediction,hk_qp,neg,H,H
NM_001372085.1:1082-1202(+)_zeroshot_prediction,hk_qp,neg,H,H
NM_002492.4:162.5-282.5(+)_zeroshot_prediction,hk_qp,neg,H,H
NM_001350396.2:389.5-509.5(+)_zeroshot_prediction,hk_qp,neg,H,H
NM_002333.4:2685-2805(+)_zeroshot_prediction,hk_qp,neg,I,I
NM_006360.6:841.5-961.5(+)_zeroshot_prediction,hk_qp,neg,H,H
NM_001143679.2:452.5-572.5(+)_zeroshot_prediction,hk_qp,neg,H,H
NM_001363829.1:5903-6023(+)_zeroshot_prediction,hk_qp,neg,H,H
NM_004774.4:4455.5-4575.5(+)_zeroshot_prediction,hk_qp,neg,H,H
NM_015423.3:406.5-526.5(+)_zeroshot_prediction,hk_qp,neg,H,H
NM_001199111.2:639.5-759.5(+)_zeroshot_prediction,hk_qp,neg,H,H
NM_001078177.2:1078.5-1198.5(+)_zeroshot_prediction,hk_qp,neg,H,H
NM_001290043.2:3403.5-3523.5(+)_zeroshot_prediction,hk_qp,neg,H,H
NM_003801.4:613-733(+)_zeroshot_prediction,hk_qp,neg,H,H
NM_017902.3:5443.5-5563.5(+)_zeroshot_prediction,hk_qp,neg,H,H
NM_016626.5:3131.5-3251.5(+)_zeroshot_prediction,hk_qp,neg,H,H
NM_012405.4:3062.5-3182.5(+)_zeroshot_prediction,hk_qp,neg,H,H
NM_006510.5:2450.5-2570.5(+)_zeroshot_prediction,hk_qp,neg,E,E
NM_014931.4:2234.5-2354.5(+)_zeroshot_prediction,hk_qp,neg,H,H
NM_001329548.2:1837-1957(+)_zeroshot_prediction,hk_qp,neg,H,H
NM_014967.5:723.5-843.5(+)_zeroshot_prediction,hk_qp,neg,H,H
NM_001282907.2:1099.5-1219.5(+)_zeroshot_prediction,hk_qp,neg,E,E
NM_004551.3:535.5-655.5(+)_zeroshot_prediction,hk_qp,neg,H,H
NM_007235.6:2616-2736(+)_zeroshot_prediction,hk_qp,neg,H,H
NM_003932.5:2786.5-2906.5(+)_zeroshot_prediction,hk_qp,neg,I,I
NM_178582.3:516-636(+)_zeroshot_prediction,hk_qp,neg,H,H
NM_000194.3:682.5-802.5(+)_zeroshot_prediction,hk_qp,neg,H,H
NM_001024921.4:480-600(+)_zeroshot_prediction,hk_qp,neg,I,I
NM_001999.4:827-947(+)_zeroshot_prediction,hk_qp,neg,H,H
NM_002807.4:3065-3185(+)_zeroshot_prediction,hk_qp,neg,H,H
NM_024949.6:3247.5-3367.5(+)_zeroshot_prediction,hk_qp,neg,H,H
NM_014454.3:1708.5-1828.5(+)_zeroshot_prediction,hk_qp,neg,H,H
NM_015420.7:357.5-477.5(+)_zeroshot_prediction,hk_qp,neg,H,H
NM_001005360.3:3120.5-3240.5(+)_zeroshot_prediction,hk_qp,neg,H,H
NM_001322795.2:540-660(+)_zeroshot_prediction,hk_qp,neg,I,I
NM_013291.3:2801.5-2921.5(+)_zeroshot_prediction,hk_qp,neg,H,H
NM_022902.5:2122.5-2242.5(+)_zeroshot_prediction,hk_qp,neg,I,I
NM_020830.5:485-605(+)_zeroshot_prediction,hk_qp,neg,H,H
NM_001321541.2:646-766(+)_zeroshot_prediction,hk_qp,neg,H,H
NM_001170629.2:5691-5811(+)_zeroshot_prediction,hk_qp,neg,I,I
NM_005654.6:3633.5-3753.5(+)_zeroshot_prediction,hk_qp,neg,H,H
NM_020376.4:524.5-644.5(+)_zeroshot_prediction,hk_qp,neg,I,I
NM_001201338.2:504-624(+)_zeroshot_prediction,hk_qp,neg,H,H
NM_002695.5:548-668(+)_zeroshot_prediction,hk_qp,neg,S,S
NM_001265604.2:1494.5-1614.5(+)_zeroshot_prediction,hk_qp,neg,I,I
NM_024709.5:2125.5-2245.5(+)_zeroshot_prediction,hk_qp,neg,H,H
NM_024094.3:1539.5-1659.5(+)_zeroshot_prediction,hk_qp,neg,H,H
NM_001394510.1:3310.5-3430.5(+)_zeroshot_prediction,hk_qp,neg,S,S
NM_198839.3:2944.5-3064.5(+)_zeroshot_prediction,hk_qp,neg,S,S
NM_001144936.2:4571.5-4691.5(+)_zeroshot_prediction,hk_qp,neg,H,H
NM_006295.3:2945-3065(+)_zeroshot_prediction,hk_qp,neg,H,H
NM_001267045.2:2185.5-2305.5(+)_zeroshot_prediction,hk_qp,neg,M,M
NM_006817.4:960-1080(+)_zeroshot_prediction,hk_qp,neg,I,I
NM_138408.4:523.5-643.5(+)_zeroshot_prediction,hk_qp,neg,E,E
NM_014413.4:2330-2450(+)_zeroshot_prediction,hk_qp,neg,H,H
NM_001293312.1:283-403(+)_zeroshot_prediction,hk_qp,neg,E,E
NM_020750.3:2250-2370(+)_zeroshot_prediction,hk_qp,neg,E,E
NM_001256126.2:446.5-566.5(+)_zeroshot_prediction,hk_qp,neg,H,H
NM_001394168.1:283-403(+)_zeroshot_prediction,hk_qp,neg,M,M
NM_001388020.1:2942.5-3062.5(+)_zeroshot_prediction,hk_qp,neg,H,H
NM_014704.4:2270-2390(+)_zeroshot_prediction,hk_qp,neg,H,H
NM_004373.4:331-451(+)_zeroshot_prediction,hk_qp,neg,H,H
NM_001080463.2:5794-5914(+)_zeroshot_prediction,hk_qp,neg,H,H
NM_138421.3:1137-1257(+)_zeroshot_prediction,hk_qp,neg,E,E
NM_000876.4:2176.5-2296.5(+)_zeroshot_prediction,hk_qp,neg,H,H
NM_018036.7:2379.5-2499.5(+)_zeroshot_prediction,hk_qp,neg,E,E
NM_000930.5:688-808(+)_zeroshot_prediction,hk_qp,neg,E,E
NM_002332.3:9577.5-9697.5(+)_zeroshot_prediction,hk_qp,neg,H,H
NM_003373.4:3443.5-3563.5(+)_zeroshot_prediction,hk_qp,neg,H,H
NM_001035005.4:335-455(+)_zeroshot_prediction,hk_qp,neg,I,I
NM_001198759.1:7572.5-7692.5(+)_zeroshot_prediction,hk_qp,neg,H,H
NM_001320930.2:349-469(+)_zeroshot_prediction,hk_qp,neg,E,E
NM_001385651.1:638.5-758.5(+)_zeroshot_prediction,hk_qp,neg,H,H
NM_005973.5:1251.5-1371.5(+)_zeroshot_prediction,hk_qp,neg,H,H
NM_001004067.4:2825.5-2945.5(+)_zeroshot_prediction,hk_qp,neg,E,E
NM_001379631.1:355-475(+)_zeroshot_prediction,hk_qp,neg,H,H
NM_001282169.2:3050.5-3170.5(+)_zeroshot_prediction,hk_qp,neg,H,H
NM_001394510.1:1577.5-1697.5(+)_zeroshot_prediction,hk_qp,neg,S,S
NM_001317856.1:1473-1593(+)_zeroshot_prediction,hk_qp,neg,E,E
NM_001366624.2:456.5-576.5(+)_zeroshot_prediction,hk_qp,neg,I,I
NM_001493.3:726-846(+)_zeroshot_prediction,hk_qp,neg,H,H
NM_024017.5:1315.5-1435.5(+)_zeroshot_prediction,hk_qp,neg,E,E
NM_005167.7:1147.5-1267.5(+)_zeroshot_prediction,hk_qp,neg,H,H
NM_001006941.2:1122.5-1242.5(+)_zeroshot_prediction,hk_qp,neg,H,H
NM_024884.3:1030.5-1150.5(+)_zeroshot_prediction,hk_qp,neg,S,S
NM_001319140.2:579.5-699.5(+)_zeroshot_prediction,hk_qp,neg,H,H
NM_212482.4:2120-2240(+)_zeroshot_prediction,hk_qp,neg,H,H
NM_001278352.2:2747-2867(+)_zeroshot_prediction,hk_qp,neg,H,H
NM_024813.3:242.5-362.5(+)_zeroshot_prediction,hk_qp,neg,I,I
NM_004782.4:411.5-531.5(+)_zeroshot_prediction,hk_qp,neg,I,I
NM_000454.5:211-331(+)_zeroshot_prediction,hk_qp,neg,M,M
NM_001351156.2:462.5-582.5(+)_zeroshot_prediction,hk_qp,neg,H,H
NM_004788.4:4096-4216(+)_zeroshot_prediction,hk_qp,neg,H,H
NM_001323414.2:2348-2468(+)_zeroshot_prediction,hk_qp,neg,M,M
NM_014830.3:2768.5-2888.5(+)_zeroshot_prediction,hk_qp,neg,H,H
NM_024592.5:804.5-924.5(+)_zeroshot_prediction,hk_qp,neg,H,H
NM_016299.4:682-802(+)_zeroshot_prediction,hk_qp,neg,M,M
NM_001353004.2:1774.5-1894.5(+)_zeroshot_prediction,hk_qp,neg,H,H
NM_002086.5:640.5-760.5(+)_zeroshot_prediction,hk_qp,neg,H,H
NM_001145199.2:426-546(+)_zeroshot_prediction,hk_qp,neg,S,S
NM_006265.3:2061-2181(+)_zeroshot_prediction,hk_qp,neg,H,H
NM_001142522.3:303.5-423.5(+)_zeroshot_prediction,hk_qp,neg,E,E
NM_017750.4:1645-1765(+)_zeroshot_prediction,hk_qp,neg,H,H
NM_001083926.2:848-968(+)_zeroshot_prediction,hk_qp,neg,M,M
NM_022098.4:4644.5-4764.5(+)_zeroshot_prediction,hk_qp,neg,H,H
NM_003981.4:545-665(+)_zeroshot_prediction,hk_qp,neg,H,H
NM_053275.4:166-286(+)_zeroshot_prediction,hk_qp,neg,I,I
NM_015909.4:3818.5-3938.5(+)_zeroshot_prediction,hk_qp,neg,H,H
NM_001004067.4:851.5-971.5(+)_zeroshot_prediction,hk_qp,neg,H,H
NM_139015.5:2533.5-2653.5(+)_zeroshot_prediction,hk_qp,neg,I,I
NM_018842.5:245.5-365.5(+)_zeroshot_prediction,hk_qp,neg,I,I
NM_001101676.2:115-235(+)_zeroshot_prediction,hk_qp,neg,H,H
NM_001278159.2:113.5-233.5(+)_zeroshot_prediction,hk_qp,neg,H,H
NM_001161661.2:892.5-1012.5(+)_zeroshot_prediction,hk_qp,neg,H,H
NM_001288723.2:207-327(+)_zeroshot_prediction,hk_qp,neg,H,H
NM_001289174.2:1534.5-1654.5(+)_zeroshot_prediction,hk_qp,neg,S,S
NM_015313.3:5444-5564(+)_zeroshot_prediction,hk_qp,neg,H,H
NM_018230.3:1454.5-1574.5(+)_zeroshot_prediction,hk_qp,neg,I,I
NM_001370389.1:3671.5-3791.5(+)_zeroshot_prediction,hk_qp,neg,H,H
NM_001122956.2:1374.5-1494.5(+)_zeroshot_prediction,hk_qp,neg,H,H
NM_001291476.2:2257-2377(+)_zeroshot_prediction,hk_qp,neg,H,H
NM_001363860.2:571-691(+)_zeroshot_prediction,hk_qp,neg,H,H
NM_006816.3:718.5-838.5(+)_zeroshot_prediction,hk_qp,neg,H,H
NM_001256410.2:1509.5-1629.5(+)_zeroshot_prediction,hk_qp,neg,I,I
NM_003747.3:2579-2699(+)_zeroshot_prediction,hk_qp,neg,H,H
NM_001308123.2:2250.5-2370.5(+)_zeroshot_prediction,hk_qp,neg,I,I
NM_175902.5:534.5-654.5(+)_zeroshot_prediction,hk_qp,neg,H,H
NM_001286520.2:233-353(+)_zeroshot_prediction,hk_qp,neg,H,H
NM_000262.3:1842.5-1962.5(+)_zeroshot_prediction,hk_qp,neg,H,H
NM_001378107.1:2293-2413(+)_zeroshot_prediction,hk_qp,neg,H,H
NM_033551.3:2405-2525(+)_zeroshot_prediction,hk_qp,neg,H,H
ENST00000491306.6:487-608(+)_zeroshot_prediction,bid_seq,neg,H,H
ENST00000254810.8:2029-2150(-)_zeroshot_prediction,bid_seq,neg,H,H
ENST00000616122.5:3978-4099(-)_zeroshot_prediction,bid_seq,neg,E,E
ENST00000306024.4:2746-2867(+)_zeroshot_prediction,bid_seq,neg,I,I
ENST00000395840.6:144-265(+)_zeroshot_prediction,bid_seq,neg,H,H
ENST00000337815.9:1086-1207(+)_zeroshot_prediction,bid_seq,neg,M,M
ENST00000537663.5:839-960(+)_zeroshot_prediction,bid_seq,neg,I,I
ENST00000539524.5:2383-2504(-)_zeroshot_prediction,bid_seq,neg,H,H
ENST00000537663.5:628-749(+)_zeroshot_prediction,bid_seq,neg,H,H
ENST00000260803.9:442-563(-)_zeroshot_prediction,bid_seq,neg,M,M
ENST00000393820.2:9-130(+)_zeroshot_prediction,bid_seq,neg,I,I
ENST00000333725.10:4-125(+)_zeroshot_prediction,bid_seq,neg,H,H
ENST00000301633.8:193-314(+)_zeroshot_prediction,bid_seq,neg,H,H
ENST00000273398.8:1412-1533(+)_zeroshot_prediction,bid_seq,neg,H,H
ENST00000329970.8:96-217(+)_zeroshot_prediction,bid_seq,neg,I,I
ENST00000502346.2:3791-3912(-)_zeroshot_prediction,bid_seq,neg,H,H
ENST00000379341.9:1-122(+)_zeroshot_prediction,bid_seq,neg,H,H
ENST00000546954.2:614-735(-)_zeroshot_prediction,bid_seq,neg,H,H
ENST00000395840.6:228-349(+)_zeroshot_prediction,bid_seq,neg,H,H
ENST00000339399.5:180-301(+)_zeroshot_prediction,bid_seq,neg,H,H
ENST00000433898.5:43-164(+)_zeroshot_prediction,bid_seq,neg,E,E
ENST00000378578.9:1699-1820(-)_zeroshot_prediction,bid_seq,neg,H,H
ENST00000287218.9:1525-1646(+)_zeroshot_prediction,bid_seq,neg,E,E
ENST00000546191.5:26-147(+)_zeroshot_prediction,bid_seq,neg,H,H
ENST00000304858.7:22-143(+)_zeroshot_prediction,bid_seq,neg,H,H
ENST00000414262.6:268-389(-)_zeroshot_prediction,bid_seq,neg,H,H
ENST00000395366.3:1031-1152(+)_zeroshot_prediction,bid_seq,neg,E,E
ENST00000396210.8:116-237(+)_zeroshot_prediction,bid_seq,neg,S,S
ENST00000290649.10:847-968(-)_zeroshot_prediction,bid_seq,neg,H,H
ENST00000216225.9:115-236(+)_zeroshot_prediction,bid_seq,neg,I,I
ENST00000340473.8:363-484(+)_zeroshot_prediction,bid_seq,neg,H,H
ENST00000588657.6:317-438(+)_zeroshot_prediction,bid_seq,neg,H,H
ENST00000340473.8:246-367(+)_zeroshot_prediction,bid_seq,neg,H,H
ENST00000301633.8:280-401(+)_zeroshot_prediction,bid_seq,neg,H,H
